case_number,confidence_level,why_same_person_or_review_reason,side_a_user_id,side_a_crm_id,side_a_name,side_a_phone,side_a_email,side_a_stripe_payments_count,side_a_op_matches_count,side_b_user_id,side_b_crm_id,side_b_name,side_b_phone,side_b_email,side_b_plan_tier,side_b_city,side_b_age,side_a_in_table2_shifted_email,decision_equipo_humano_FUSIONAR_o_SEPARAR,notas_equipo_humano
1,NIVEL_4_SUBCONJUNTO_NOMBRE_DIFUSO,"Tokens de nombre contenidos ('LAURA ORTEGA' <-> 'LAURA ALEJANDRA ORTEGA VAN ARCKEN'), emails: laura_alejandrao@hotmail.com vs lauraortegavan@gmail.com",6787,,LAURA ORTEGA,+573000001396,laura_alejandrao@hotmail.com,1,1,7853,2871,LAURA ALEJANDRA ORTEGA VAN ARCKEN,+573157505664,lauraortegavan@gmail.com,Estándar 65k (2 citas),Ibagué,39,SI_EMAIL_CORRIDO_TABLA2,,
2,NIVEL_4_SUBCONJUNTO_NOMBRE_DIFUSO,"Tokens de nombre contenidos ('Jose Vargas' <-> 'José Germán Vargas'), emails: jvargas20092009@live.com vs jg.vargas1309@gmail.com",9545,2737,Jose Vargas,+573125725249,jvargas20092009@live.com,1,2,5341,,José Germán Vargas,+31251594499,jg.vargas1309@gmail.com,150k,Bogotá,33,NO,,
3,NIVEL_3_NOMBRE_COMPLETO_3_TOKENS_DISTINTO_EMAIL,"Nombre completo de 4 palabras idéntico ('Maria Paula Gomez Rojano'), pero emails distintos (maripaugomer@gmail.com vs maripaugomezr@gmail.com)",6111,,Maria Paula Gomez Rojano,+573000000720,maripaugomer@gmail.com,1,1,9451,1342,María Paula Gomez Rojano,+573187837918,maripaugomezr@gmail.com,65k (2 dates),Bogotá,26,SI_EMAIL_CORRIDO_TABLA2,,
4,NIVEL_4_SUBCONJUNTO_NOMBRE_DIFUSO,"Tokens de nombre contenidos ('Francy Yamile Tatar' <-> 'Francy Yamile Tatar Garnica'), emails: delmontevarelaveronica@gmail.com vs tatargarnica@gmail.com",6291,,Francy Yamile Tatar,+573000000900,delmontevarelaveronica@gmail.com,1,0,8530,2476,Francy Yamile Tatar Garnica,+573105724467,tatargarnica@gmail.com,195k,Bogotá,60,SI_EMAIL_CORRIDO_TABLA2,,
5,NIVEL_4_SUBCONJUNTO_NOMBRE_DIFUSO,"Tokens de nombre contenidos ('Paula Andrea Rodríguez Casallas' <-> 'Paula Rodriguez'), emails: parcasallas@hotmail.com vs susana.garavito.r@gmail.com",8703,2813,Paula Andrea Rodríguez Casallas,+573214359421,parcasallas@hotmail.com,1,0,5763,2597,Paula Rodriguez,+573000000372,susana.garavito.r@gmail.com,98k (2 DATES),Bogotá,34,NO,,
6,NIVEL_4_SUBCONJUNTO_NOMBRE_DIFUSO,"Tokens de nombre contenidos ('Sandra Franco' <-> 'Sandra Milena Cruz Franco'), emails: sandraf1533@gmail.com vs sancf69@hotmail.com",8827,3270,Sandra Franco,+17542017949,sandraf1533@gmail.com,1,0,12710,1472,Sandra Milena Cruz Franco,+573183865160,sancf69@hotmail.com,Estándar 65k (2 citas),Barrio Entrerrios,50,NO,,
7,NIVEL_4_SUBCONJUNTO_NOMBRE_DIFUSO,"Tokens de nombre contenidos ('Luisa Vargas' <-> 'Luisa Vargas Ramirez'), emails: luisavargas448@gmail.com vs vargasramirezluisa@gmail.com",8914,3447,Luisa Vargas,+573228165110,luisavargas448@gmail.com,2,0,15603,4771,Luisa Vargas Ramirez,+573000004771,vargasramirezluisa@gmail.com,,Bogota,37,NO,,
8,NIVEL_4_SUBCONJUNTO_NOMBRE_DIFUSO,"Tokens de nombre contenidos ('Luis Miguel Perez Herrera' <-> 'Luis Herrera'), emails: luisherrera0598@gmail.com vs crow01302@gmail.com",13755,4278,Luis Miguel Perez Herrera,+5730000003878,luisherrera0598@gmail.com,1,0,7204,,Luis Herrera,+573000001813,crow01302@gmail.com,40k,Bogotá,33,SI_EMAIL_CORRIDO_TABLA2,,
9,NIVEL_2_EMAIL_EXACTO_TARJETAHABIENTE_O_TERCERO_REVISAR,"Mismo email exacto (andreapedu@hotmail.com), pero nombre distinto en Stripe/CRM (A='Santiago Aguirre' vs B='Andrea Perez') — posible tarjetahabiente, razón social o pareja",8646,2676,Santiago Aguirre,+573046414546,andreapedu@hotmail.com,1,0,8179,1001,Andrea Perez,+573012276423,andreapedu@hotmail.com,Estándar 65k (2 citas),Bogotá,25,NO,,
10,NIVEL_4_SIMILITUD_NOMBRE_DIFUSO,"Similitud ortográfica 97% ('Isabella Luquetta' <-> 'Isabella Luqueta'), emails: isalu.luquetta@gmail.com vs isabelladazalu@gmail.com",12011,3680,Isabella Luquetta,+573103185223,isalu.luquetta@gmail.com,1,0,7971,505,Isabella Luqueta,+573166487949,isabelladazalu@gmail.com,Estándar 65k (2 citas),Bogotá,25,SI_EMAIL_CORRIDO_TABLA2,,
11,NIVEL_4_SUBCONJUNTO_NOMBRE_DIFUSO,"Tokens de nombre contenidos ('Juan Martin' <-> 'Juan Martin Robles Vega'), emails: untaljuanmartin@hotmail.com vs pintoguillermo784@gmail.com",8852,3331,Juan Martin,+13153551382,untaljuanmartin@hotmail.com,1,0,5693,,Juan Martin Robles Vega,+573000000303,pintoguillermo784@gmail.com,VIP,Medellín,31,NO,,
12,NIVEL_4_SUBCONJUNTO_NOMBRE_DIFUSO,"Tokens de nombre contenidos ('Maria Alejandra Saa' <-> 'Maria Alejandra'), emails: ma.saa@uniandes.edu.co vs vacío",8871,3381,Maria Alejandra Saa,+573206778811,ma.saa@uniandes.edu.co,1,0,9987,209,Maria Alejandra,321264905,,Estándar 65k (2 citas),Bogotá,27,NO,,
13,NIVEL_4_SUBCONJUNTO_NOMBRE_DIFUSO,"Tokens de nombre contenidos ('Juan Muñoz' <-> 'Juan Nicolas Muñoz Campos'), emails: juanmmd9@gmail.com vs juanicolasmuozcampos@gmail.com",8930,3477,Juan Muñoz,+573192212877,juanmmd9@gmail.com,1,0,7963,482,Juan Nicolas Muñoz Campos,+573115482625,juanicolasmuozcampos@gmail.com,Estándar 65k (2 citas),Bogotá,29,NO,,
14,NIVEL_4_SUBCONJUNTO_NOMBRE_DIFUSO,"Tokens de nombre contenidos ('Daniela Vargas' <-> 'Daniela Sepulveda Vargas'), emails: danielavar21@gmail.com vs juandiegoborda48@hotmail.com",8937,3494,Daniela Vargas,+573186097106,danielavar21@gmail.com,1,0,7565,,Daniela Sepulveda Vargas,+573000002174,juandiegoborda48@hotmail.com,46054,Bogotá,26,NO,,
15,NIVEL_4_SUBCONJUNTO_NOMBRE_DIFUSO,"Tokens de nombre contenidos ('Natalia Herrera' <-> 'Natalia Garces Herrera'), emails: nataliaherrer23@hotmail.com vs mona.herrera15@gmail.com",9055,3701,Natalia Herrera,+573053824092,nataliaherrer23@hotmail.com,1,0,7188,,Natalia Garces Herrera,+573000001797,mona.herrera15@gmail.com,65k (2 dates),Medellín,35,NO,,
16,NIVEL_4_SUBCONJUNTO_NOMBRE_DIFUSO,"Tokens de nombre contenidos ('Daniel Carrillo' <-> 'Daniel Felipe Carrillo'), emails: daniel.carrillog@hotmail.com vs vacío",9066,3713,Daniel Carrillo,+573187886904,daniel.carrillog@hotmail.com,1,0,9946,160,Daniel Felipe Carrillo,+13187886904,,Estándar 65k (2 citas),Bogotá,25,NO,,
17,NIVEL_4_SUBCONJUNTO_NOMBRE_DIFUSO,"Tokens de nombre contenidos ('Sebastian Morales Ramirez' <-> 'Sebastian Ramirez'), emails: msmr1998@gmail.com vs sebastian.ramirez@aurora360.co",9105,3759,Sebastian Morales Ramirez,+573174265035,msmr1998@gmail.com,1,0,13772,4295,Sebastian Ramirez,+573124046538,sebastian.ramirez@aurora360.co,,Bogotá,30,NO,,
18,NIVEL_3_NOMBRE_COMPLETO_3_TOKENS_DISTINTO_EMAIL,"Nombre completo de 3 palabras idéntico ('JUAN DAVID ORDOÑEZ'), pero emails distintos (juli_83@hotmail.com vs juandavidom@hotmail.com)",6806,,JUAN DAVID ORDOÑEZ,+573000001415,juli_83@hotmail.com,1,2,5300,,Juan David Ordoñez,+541176296412,juandavidom@hotmail.com,Estándar 65k (2 citas),Bogotá,39,SI_EMAIL_CORRIDO_TABLA2,,
19,NIVEL_4_SUBCONJUNTO_NOMBRE_DIFUSO,"Tokens de nombre contenidos ('Maria Camila Hernandez' <-> 'Maria Camila Hernandez Martinez'), emails: camihrco@hotmail.com vs maca34830@gmail.com",5600,,Maria Camila Hernandez,+573000000210,camihrco@hotmail.com,1,5,8434,2100,Maria Camila Hernandez Martinez,+573214689320,maca34830@gmail.com,65k (2 dates),Bogotá,23,SI_EMAIL_CORRIDO_TABLA2,,
20,NIVEL_4_SUBCONJUNTO_NOMBRE_DIFUSO,"Tokens de nombre contenidos ('Luis fernando Garcia' <-> 'Luis Fernando Garcia Lucena'), emails: lgarcialucena@gmail.com vs leonardo.ducuara48@gmail.com",6103,,Luis fernando Garcia,+573000000712,lgarcialucena@gmail.com,1,4,8235,1388,Luis Fernando Garcia Lucena,+573167475424,leonardo.ducuara48@gmail.com,40k,Barranquilla,45,SI_EMAIL_CORRIDO_TABLA2,,
21,NIVEL_4_SUBCONJUNTO_NOMBRE_DIFUSO,"Tokens de nombre contenidos ('Juan Camilo Murillo' <-> 'Juan Camilo Murillo Jimenez'), emails: vacío vs jc.murillo102@gmail.com",6427,,Juan Camilo Murillo,+573000001036,,3,1,7579,,Juan Camilo Murillo Jimenez,+573000002188,jc.murillo102@gmail.com,Estándar 65k (2 citas),Bogotá,37,SI_EMAIL_CORRIDO_TABLA2,,
22,NIVEL_4_SUBCONJUNTO_NOMBRE_DIFUSO,"Tokens de nombre contenidos ('Juan pablo Trujillo' <-> 'Juan Pablo Trujillo L'), emails: vacío vs trujilloortodoncia@gmail.com",6456,,Juan pablo Trujillo,+573000001065,,1,8,8791,3153,Juan Pablo Trujillo L,+573102050608,trujilloortodoncia@gmail.com,195k,Bogotá,56,SI_EMAIL_CORRIDO_TABLA2,,
23,NIVEL_4_SUBCONJUNTO_NOMBRE_DIFUSO,"Tokens de nombre contenidos ('ILONA MARTINEZ' <-> 'Ilona Martinez Gomez'), emails: ilonamago@gmail.com vs ilonamago2@gmail.com",6679,,ILONA MARTINEZ,+573000001288,ilonamago@gmail.com,1,3,8715,2852,Ilona Martinez Gomez,+573016326347,ilonamago2@gmail.com,VIP 195k (5 citas),Medellín,22,SI_EMAIL_CORRIDO_TABLA2,,
24,NIVEL_4_SUBCONJUNTO_NOMBRE_DIFUSO,"Tokens de nombre contenidos ('JUAN ESTEBAN FAJARDO' <-> 'Juan Esteban Fajardo Rojas'), emails: vacío vs cdrjuanesteban@gmail.com",6709,,JUAN ESTEBAN FAJARDO,+573000001318,,1,3,8790,3149,Juan Esteban Fajardo Rojas,+573057650377,cdrjuanesteban@gmail.com,65k (1 date),Bogotá,23,SI_EMAIL_CORRIDO_TABLA2,,
25,NIVEL_4_SUBCONJUNTO_NOMBRE_DIFUSO,"Tokens de nombre contenidos ('JUAN ESTEBAN FAJARDO' <-> 'Juan Esteban Fajardo Rojas'), emails: vacío vs cdrjuanesteban@gmail.com",6710,,JUAN ESTEBAN FAJARDO,+573000001319,,1,2,8790,3149,Juan Esteban Fajardo Rojas,+573057650377,cdrjuanesteban@gmail.com,65k (1 date),Bogotá,23,SI_EMAIL_CORRIDO_TABLA2,,
26,NIVEL_4_SUBCONJUNTO_NOMBRE_DIFUSO,"Tokens de nombre contenidos ('Laura Rivera' <-> 'Laura Katherine Rivera Suárez'), emails: vacío vs laurakatheriner15@gmail.com",7761,,Laura Rivera,+573000002370,,1,1,8945,3532,Laura Katherine Rivera Suárez,+573182886670,laurakatheriner15@gmail.com,Estándar 65k (2 citas),Bogotá,31,SI_EMAIL_CORRIDO_TABLA2,,
27,NIVEL_4_SUBCONJUNTO_NOMBRE_DIFUSO,"Tokens de nombre contenidos ('Sara Lorena Villa' <-> 'Sara Lorena Villa Palacios'), emails: salolena11@icloud.com vs slvp.0611@gmail.com",14454,,Sara Lorena Villa,GEN_32927d67a05d,salolena11@icloud.com,1,2,5702,,Sara Lorena Villa Palacios,+573000000312,slvp.0611@gmail.com,Estándar 65k (2 citas),Bogotá,23,NO,,
28,NIVEL_4_SUBCONJUNTO_NOMBRE_DIFUSO,"Tokens de nombre contenidos ('Maria Antonia Escobar' <-> 'Maria Antonia Escobar Duran'), emails: vacío vs mariaescobar5@hotmail.com",5799,,Maria Antonia Escobar,+573000000408,,1,1,8696,2789,Maria Antonia Escobar Duran,+573122421333,mariaescobar5@hotmail.com,65k (1 date),Manizales,46,SI_EMAIL_CORRIDO_TABLA2,,
29,NIVEL_4_SUBCONJUNTO_NOMBRE_DIFUSO,"Tokens de nombre contenidos ('JHON FREDY PARDO' <-> 'Jhon Fredy Pardo Patiño'), emails: vacío vs jfpardopat@gmail.com",6728,,JHON FREDY PARDO,+573000001337,,1,1,8744,2970,Jhon Fredy Pardo Patiño,+573105759341,jfpardopat@gmail.com,Estándar 65k (2 citas),Bogotá,33,SI_EMAIL_CORRIDO_TABLA2,,
30,NIVEL_4_SUBCONJUNTO_NOMBRE_DIFUSO,"Tokens de nombre contenidos ('Mariana Londoño' <-> 'Mariana Londoño Arboleda'), emails: paulacastro684@hotmail.com vs marianlon15515@gmail.com",7437,,Mariana Londoño,+573000002046,paulacastro684@hotmail.com,1,1,8690,2776,Mariana Londoño Arboleda,+573113879473,marianlon15515@gmail.com,65k (2 dates),Medellín,21,SI_EMAIL_CORRIDO_TABLA2,,
31,NIVEL_4_SUBCONJUNTO_NOMBRE_DIFUSO,"Tokens de nombre contenidos ('Mariana Londoño' <-> 'Mariana Londoño Arboleda'), emails: diegcriollo2004@gmail.com vs marianlon15515@gmail.com",7438,,Mariana Londoño,+573000002047,diegcriollo2004@gmail.com,1,8,8690,2776,Mariana Londoño Arboleda,+573113879473,marianlon15515@gmail.com,65k (2 dates),Medellín,21,SI_EMAIL_CORRIDO_TABLA2,,
32,NIVEL_4_SUBCONJUNTO_NOMBRE_DIFUSO,"Tokens de nombre contenidos ('Jhon Fredy Pardo' <-> 'Jhon Fredy Pardo Patiño'), emails: vacío vs jfpardopat@gmail.com",7597,,Jhon Fredy Pardo,+573000002206,,1,1,8744,2970,Jhon Fredy Pardo Patiño,+573105759341,jfpardopat@gmail.com,Estándar 65k (2 citas),Bogotá,33,SI_EMAIL_CORRIDO_TABLA2,,
33,NIVEL_4_SUBCONJUNTO_NOMBRE_DIFUSO,"Tokens de nombre contenidos ('Juan Miguel Caro' <-> 'Juan Miguel Caro Torres'), emails: juanmcaro@hotmail.com vs juanmiguelcaro77@gmail.com",14386,,Juan Miguel Caro,GEN_97d5df338287,juanmcaro@hotmail.com,1,1,8548,2508,Juan Miguel Caro Torres,+573153106143,juanmiguelcaro77@gmail.com,Estándar 65k (2 citas),Bogotá,49,NO,,
34,NIVEL_2_EMAIL_EXACTO_TARJETAHABIENTE_O_TERCERO_REVISAR,"Mismo email exacto (osking2607@gmail.com), pero nombre distinto en Stripe/CRM (A='Luisa Fernanda Mancera Rodríguez' vs B='Juan Felipe Cardona salazar') — posible tarjetahabiente, razón social o pareja",8000,593,Luisa Fernanda Mancera Rodríguez,+573103057443,osking2607@gmail.com,1,0,13534,3533,Juan Felipe Cardona salazar,+573206417424,osking2607@gmail.com,Estándar 65k (2 citas),Medellín,25,NO,,
35,NIVEL_2_EMAIL_EXACTO_TARJETAHABIENTE_O_TERCERO_REVISAR,"Mismo email exacto (gabrielafiro1502@gmail.com), pero nombre distinto en Stripe/CRM (A='Luisa Camizales' vs B='Gabriela Figueroa rodriguez') — posible tarjetahabiente, razón social o pareja",8616,2631,Luisa Camizales,+573007356769,gabrielafiro1502@gmail.com,1,0,9725,4084,Gabriela Figueroa rodriguez,+573107788090,gabrielafiro1502@gmail.com,Básico 40k,Bogotá,30,NO,,
36,NIVEL_2_EMAIL_EXACTO_TARJETAHABIENTE_O_TERCERO_REVISAR,"Mismo email exacto (manuelatw675@gmail.com), pero nombre distinto en Stripe/CRM (A='Antonia' vs B='Manuela Tellez') — posible tarjetahabiente, razón social o pareja",14426,,Antonia,GEN_c155e86e1015,manuelatw675@gmail.com,1,0,13581,4101,Manuela Tellez,+573505494263,manuelatw675@gmail.com,,Bogotá,29,NO,,
37,NIVEL_2_EMAIL_EXACTO_TARJETAHABIENTE_O_TERCERO_REVISAR,"Mismo email exacto (hansop@gmail.com), pero nombre distinto en Stripe/CRM (A='Customer' vs B='Hans PARRA') — posible tarjetahabiente, razón social o pareja",14478,,Customer,GEN_89c7d5b9ea26,hansop@gmail.com,1,0,9685,4040,Hans PARRA,+573170950052,hansop@gmail.com,Estándar 65k (2 citas),Bogotá,53,NO,,
38,NIVEL_2_EMAIL_EXACTO_TARJETAHABIENTE_O_TERCERO_REVISAR,"Mismo email exacto (ualbato@gmail.com), pero nombre distinto en Stripe/CRM (A='Judit  Araque' vs B='Álvaro Uzcategui') — posible tarjetahabiente, razón social o pareja",14518,,Judit  Araque,GEN_5b9a56df89d4,ualbato@gmail.com,1,0,9182,3837,Álvaro Uzcategui,+573243482737,ualbato@gmail.com,VIP 195k,Medellín,27,NO,,
39,NIVEL_2_EMAIL_EXACTO_TARJETAHABIENTE_O_TERCERO_REVISAR,"Mismo email exacto (daniel.moreno@sabio.com.co), pero nombre distinto en Stripe/CRM (A='TERRASABIA AGRO SAS' vs B='Daniel Moreno Agudelo') — posible tarjetahabiente, razón social o pareja",14567,,TERRASABIA AGRO SAS,GEN_2310a929f37d,daniel.moreno@sabio.com.co,1,0,12096,3880,Daniel Moreno Agudelo,+573122470556,daniel.moreno@sabio.com.co,Estándar 65k (2 citas),Medellín,32,NO,,
40,NIVEL_2_EMAIL_EXACTO_TARJETAHABIENTE_O_TERCERO_REVISAR,"Mismo email exacto (harukim195@gmail.com), pero nombre distinto en Stripe/CRM (A='BRAYAN' vs B='Alexander Restrepo Gallego') — posible tarjetahabiente, razón social o pareja",14611,,BRAYAN,GEN_714e5d95466e,harukim195@gmail.com,1,0,13476,3311,Alexander Restrepo Gallego,+573246894454,harukim195@gmail.com,VIP 195k,Medellín,21,NO,,
41,NIVEL_2_EMAIL_EXACTO_TARJETAHABIENTE_O_TERCERO_REVISAR,"Mismo email exacto (andresvasquezr@gmail.com), pero nombre distinto en Stripe/CRM (A='Marcela Payan' vs B='Andres Vasquez Ramirez') — posible tarjetahabiente, razón social o pareja",14671,,Marcela Payan,GEN_437df465ab6e,andresvasquezr@gmail.com,2,0,8361,1834,Andres Vasquez Ramirez,+573182841145,andresvasquezr@gmail.com,"Plan Especial - $90,000 COP",Pereira,47,NO,,
42,NIVEL_2_EMAIL_EXACTO_TARJETAHABIENTE_O_TERCERO_REVISAR,"Mismo email exacto (valeriago2203@gmail.com), pero nombre distinto en Stripe/CRM (A='Swanny Ballesteros' vs B='Valeria Gomez') — posible tarjetahabiente, razón social o pareja",14996,,Swanny Ballesteros,GEN_eee285d115f5,valeriago2203@gmail.com,1,0,13306,2997,Valeria Gomez,+573003504538,valeriago2203@gmail.com,Estándar 65k (2 citas),Bogotá,33,NO,,
43,NIVEL_4_SIMILITUD_NOMBRE_DIFUSO,"Similitud ortográfica 93% ('Muguel trujillo' <-> 'Miguel Trujillo'), emails: miguetrujillotoro@gmail.com vs migueltrujillotoro@gail.com",14410,,Muguel trujillo,GEN_3cc55aa828d1,miguetrujillotoro@gmail.com,1,0,13595,4117,Miguel Trujillo,+573204308018,migueltrujillotoro@gail.com,Estándar 65k (2 citas),Medellín,34,NO,,
44,NIVEL_4_SIMILITUD_NOMBRE_DIFUSO,"Similitud ortográfica 96% ('Luisa Jiménez' <-> 'Luis Jimenez'), emails: luisafernandajimenezfirigua@gmail.com vs luisfelipejimenez2@gmail.com",14441,,Luisa Jiménez,GEN_e65fd5330a2b,luisafernandajimenezfirigua@gmail.com,1,0,12960,2083,Luis Jimenez,+573185342562,luisfelipejimenez2@gmail.com,40k,Nemocon,20,NO,,
45,NIVEL_4_SIMILITUD_NOMBRE_DIFUSO,"Similitud ortográfica 96% ('Olga  Bohorque' <-> 'Olga Bohorquez'), emails: olgalu06@hotmail.com vs o.bohorquezd@gmail.com",14660,,Olga  Bohorque,GEN_e923f70dc291,olgalu06@hotmail.com,1,0,10533,1255,Olga Bohorquez,+573103226325,o.bohorquezd@gmail.com,Estándar 65k (2 citas),Bogotá,37,NO,,
46,NIVEL_4_SIMILITUD_NOMBRE_DIFUSO,"Similitud ortográfica 93% ('Maria Agudelo' <-> 'Mariana Agudelo'), emails: mariatagudeloc03@gmail.com vs mari2394@hotmail.com",14730,,Maria Agudelo,GEN_39c8b2bbe6c5,mariatagudeloc03@gmail.com,1,0,13746,4269,Mariana Agudelo,+573188030324,mari2394@hotmail.com,,Medellín,31,NO,,
47,NIVEL_4_SUBCONJUNTO_NOMBRE_DIFUSO,"Tokens de nombre contenidos ('Juan Pablo Trujillo' <-> 'Juan Pablo Trujillo L'), emails: danielabejarano25@hotmail.com vs trujilloortodoncia@gmail.com",6303,,Juan Pablo Trujillo,+573000000912,danielabejarano25@hotmail.com,1,0,8791,3153,Juan Pablo Trujillo L,+573102050608,trujilloortodoncia@gmail.com,195k,Bogotá,56,SI_EMAIL_CORRIDO_TABLA2,,
48,NIVEL_4_SUBCONJUNTO_NOMBRE_DIFUSO,"Tokens de nombre contenidos ('Juan Camilo Murillo' <-> 'Juan Camilo Murillo Jimenez'), emails: vacío vs jc.murillo102@gmail.com",6325,,Juan Camilo Murillo,+573000000934,,3,0,7579,,Juan Camilo Murillo Jimenez,+573000002188,jc.murillo102@gmail.com,Estándar 65k (2 citas),Bogotá,37,SI_EMAIL_CORRIDO_TABLA2,,
49,NIVEL_4_SUBCONJUNTO_NOMBRE_DIFUSO,"Tokens de nombre contenidos ('María Camila Hernandez' <-> 'Maria Camila Hernandez Martinez'), emails: camihrco@hotmail.com vs maca34830@gmail.com",7369,,María Camila Hernandez,+573000001978,camihrco@hotmail.com,1,0,8434,2100,Maria Camila Hernandez Martinez,+573214689320,maca34830@gmail.com,65k (2 dates),Bogotá,23,SI_EMAIL_CORRIDO_TABLA2,,
50,NIVEL_4_SUBCONJUNTO_NOMBRE_DIFUSO,"Tokens de nombre contenidos ('Juan Pablo Trujillo' <-> 'Juan Pablo Trujillo L'), emails: vacío vs trujilloortodoncia@gmail.com",7628,,Juan Pablo Trujillo,+573000002237,,1,0,8791,3153,Juan Pablo Trujillo L,+573102050608,trujilloortodoncia@gmail.com,195k,Bogotá,56,SI_EMAIL_CORRIDO_TABLA2,,
51,NIVEL_4_SUBCONJUNTO_NOMBRE_DIFUSO,"Tokens de nombre contenidos ('Isabel Cañón' <-> 'Isabel Cañon Macias'), emails: isabelcanonmacias@gmail.com vs vacío",7732,,Isabel Cañón,+573000002341,isabelcanonmacias@gmail.com,2,0,8561,2528,Isabel Cañon Macias,+573246007197,,Estándar 65k (2 citas),Bogotá,33,SI_EMAIL_CORRIDO_TABLA2,,
52,NIVEL_4_SUBCONJUNTO_NOMBRE_DIFUSO,"Tokens de nombre contenidos ('Angelica Sanchez' <-> 'Angelica Sanchez Ramirez'), emails: angy_sr95@hotmail.com vs angesaanchez8@gmail.com",14405,,Angelica Sanchez,GEN_6934ee7419f0,angy_sr95@hotmail.com,2,0,13597,4121,Angelica Sanchez Ramirez,+573214300986,angesaanchez8@gmail.com,Estándar 65k (2 citas),Bogotá,30,NO,,
53,NIVEL_4_SUBCONJUNTO_NOMBRE_DIFUSO,"Tokens de nombre contenidos ('Angie Paola Diaz Farfan' <-> 'Angie Diaz'), emails: angie.diaz394@icloud.com vs diaang20@gmail.com",14530,,Angie Paola Diaz Farfan,GEN_3488ef27bbbb,angie.diaz394@icloud.com,1,0,9592,3933,Angie Diaz,+573142316927,diaang20@gmail.com,Estándar 65k (2 citas),Bogotá,23,NO,,
54,NIVEL_4_SUBCONJUNTO_NOMBRE_DIFUSO,"Tokens de nombre contenidos ('Elizabeth Mosquera' <-> 'Elizabeth Mosquera Ortiz'), emails: emosqueraortiz5@gmail.com vs elizformacion@gmail.com",14560,,Elizabeth Mosquera,GEN_e715667a4432,emosqueraortiz5@gmail.com,1,0,8967,3581,Elizabeth Mosquera Ortiz,+573176410932,elizformacion@gmail.com,VIP 195k (5 citas),Cali,54,NO,,
55,NIVEL_4_SUBCONJUNTO_NOMBRE_DIFUSO,"Tokens de nombre contenidos ('Diana patricia Hernandez rueda' <-> 'Diana Hernandez'), emails: mangobichemb@gmail.com vs hernandezdianap5@gmail.com",14601,,Diana patricia Hernandez rueda,GEN_4cc963c90b8a,mangobichemb@gmail.com,1,0,5935,,Diana Hernandez,+573000000544,hernandezdianap5@gmail.com,Estándar 65k (2 citas),Medellín,41,NO,,
56,NIVEL_4_SUBCONJUNTO_NOMBRE_DIFUSO,"Tokens de nombre contenidos ('Juan  Torres' <-> 'Juan Francisco Diaz Torres'), emails: torrescor.juan@hotmail.com vs charlydrums77_7@hotmail.com",14602,,Juan  Torres,GEN_32eda9b44091,torrescor.juan@hotmail.com,4,0,6199,,Juan Francisco Diaz Torres,+573000000808,charlydrums77_7@hotmail.com,150k,Bogotá,45,NO,,
57,NIVEL_4_SUBCONJUNTO_NOMBRE_DIFUSO,"Tokens de nombre contenidos ('Laura D Ramirez P' <-> 'Laura fernanda Jaramillo ramirez'), emails: laudar2@hotmail.com vs lafejara@gmail.com",14632,,Laura D Ramirez P,GEN_5d1395c9c1cb,laudar2@hotmail.com,1,0,9594,3936,Laura fernanda Jaramillo ramirez,+573104426917,lafejara@gmail.com,,Medellín,,NO,,
58,NIVEL_4_SUBCONJUNTO_NOMBRE_DIFUSO,"Tokens de nombre contenidos ('Claudia Garcia' <-> 'Claudia ines García alvarez'), emails: claugarciaalvarezios@gmail.com vs ciga11@hotmail.com",14648,,Claudia Garcia,GEN_c300c9cda503,claugarciaalvarezios@gmail.com,1,0,9014,3647,Claudia ines García alvarez,+573147758650,ciga11@hotmail.com,Estándar 65k (2 citas),Barranquilla,51,NO,,
59,NIVEL_4_SUBCONJUNTO_NOMBRE_DIFUSO,"Tokens de nombre contenidos ('Juan Felipe  Delgado' <-> 'Juan Felipe DELGADO ZARAMA'), emails: jaegerjaquez16@gmail.com vs delgadozjuan16@gmail.com",14680,,Juan Felipe  Delgado,GEN_4f10f02e992d,jaegerjaquez16@gmail.com,1,0,8615,2629,Juan Felipe DELGADO ZARAMA,+573045338404,delgadozjuan16@gmail.com,Estándar 65k (2 citas),Bogotá,25,NO,,
60,NIVEL_4_SUBCONJUNTO_NOMBRE_DIFUSO,"Tokens de nombre contenidos ('Sara Daniela Ramirez Cala' <-> 'Sara Ramirez'), emails: sd.ramirez10@hotmail.com vs sadaraca10@gmail.com",14696,,Sara Daniela Ramirez Cala,GEN_c91736404e66,sd.ramirez10@hotmail.com,1,0,7622,,Sara Ramirez,+573000002231,sadaraca10@gmail.com,Estándar 65k (2 citas),Bogotá,29,NO,,
61,NIVEL_4_SUBCONJUNTO_NOMBRE_DIFUSO,"Tokens de nombre contenidos ('Sara Manuela Prieto' <-> 'SARA PRIETO'), emails: saram.prietomonroy@gmail.com vs lcalderon19@hotmail.com",14717,,Sara Manuela Prieto,GEN_0b168a2a6414,saram.prietomonroy@gmail.com,1,0,6757,,SARA PRIETO,+573000001366,lcalderon19@hotmail.com,65k (2 dates),Bogotá,31,SI_EMAIL_CORRIDO_TABLA2,,
62,NIVEL_4_SUBCONJUNTO_NOMBRE_DIFUSO,"Tokens de nombre contenidos ('Milagro Munive' <-> 'Milagro Munive Juvinao'), emails: milagromunive@hotmail.com vs milagromunive19@gmail.com",14747,,Milagro Munive,GEN_225a62a1ad5c,milagromunive@hotmail.com,1,0,8936,3492,Milagro Munive Juvinao,+573115922835,milagromunive19@gmail.com,Estándar 65k (2 citas),Barranquilla,43,NO,,
63,NIVEL_4_SUBCONJUNTO_NOMBRE_DIFUSO,"Tokens de nombre contenidos ('Sara Arcila' <-> 'Sara Arcila Cano'), emails: sara.arcila.cano@icloud.com vs saraarcilacano@gmail.com",14760,,Sara Arcila,GEN_0eaec05b5097,sara.arcila.cano@icloud.com,1,0,5633,,Sara Arcila Cano,+573000000243,saraarcilacano@gmail.com,1 o 2,Medellín,33,NO,,
64,NIVEL_4_SUBCONJUNTO_NOMBRE_DIFUSO,"Tokens de nombre contenidos ('Santiago Vives' <-> 'Santiago Vives Vives'), emails: sjvives87@gmail.com vs sj_vives87@outlook.com",14767,,Santiago Vives,GEN_4e39357ffc4a,sjvives87@gmail.com,1,0,7518,,Santiago Vives Vives,+573000002127,sj_vives87@outlook.com,Estándar 65k (2 citas),Bogotá,23,NO,,
65,NIVEL_4_SUBCONJUNTO_NOMBRE_DIFUSO,"Tokens de nombre contenidos ('Carlos  Roca Cantalapiedra' <-> 'CARLOS ROCA'), emails: crocacanta@hotmail.com vs smgalindo@gmail.com",14779,,Carlos  Roca Cantalapiedra,GEN_35d75d63bb8c,crocacanta@hotmail.com,1,0,6691,,CARLOS ROCA,+573000001300,smgalindo@gmail.com,Estándar 65k (2 citas),Madrid,21,NO,,
66,NIVEL_4_SUBCONJUNTO_NOMBRE_DIFUSO,"Tokens de nombre contenidos ('Miguel Angel Martinez Acosta' <-> 'Miguel Martinez'), emails: mglmartinez92@icloud.com vs cestivensga@hotmail.com",14819,,Miguel Angel Martinez Acosta,GEN_c80636c3a8e5,mglmartinez92@icloud.com,1,0,5889,,Miguel Martinez,+573000000498,cestivensga@hotmail.com,VIP,Bogotá,34,NO,,
67,NIVEL_4_SUBCONJUNTO_NOMBRE_DIFUSO,"Tokens de nombre contenidos ('Diego Forero' <-> 'DIEGO NICOLAS FORERO HERRERA'), emails: diiegoniicolas010@gmail.com vs diego.n.forero@gmail.com",14929,,Diego Forero,GEN_c2c0444a0fe4,diiegoniicolas010@gmail.com,1,0,8782,3100,DIEGO NICOLAS FORERO HERRERA,+573123717734,diego.n.forero@gmail.com,Estándar 65k (2 citas),Bogotá,32,NO,,
68,NIVEL_4_SUBCONJUNTO_NOMBRE_DIFUSO,"Tokens de nombre contenidos ('Nicolas Urrea Solano' <-> 'Nicolas Urrea'), emails: ocarrot707@gmail.com vs nicolas-urrea@outlook.com",14950,3089,Nicolas Urrea Solano,GEN_852f6528ffa1,ocarrot707@gmail.com,1,0,12462,920,Nicolas Urrea,+17542461178,nicolas-urrea@outlook.com,150k,Bogotá,24,NO,,
69,NIVEL_4_SUBCONJUNTO_NOMBRE_DIFUSO,"Tokens de nombre contenidos ('Juan M. Caro' <-> 'Juan Miguel Caro Torres'), emails: juanmcaro@hotmail.com vs juanmiguelcaro77@gmail.com",14985,2277,Juan M. Caro,GEN_81265a416ec1,juanmcaro@hotmail.com,1,0,8548,2508,Juan Miguel Caro Torres,+573153106143,juanmiguelcaro77@gmail.com,Estándar 65k (2 citas),Bogotá,49,NO,,
70,NIVEL_4_SUBCONJUNTO_NOMBRE_DIFUSO,"Tokens de nombre contenidos ('Milton Garrido' <-> 'Milton Dayan Garrido Cardona'), emails: mdgarridoc@udistrital.edu.co vs milton1999millos@gmail.com",14987,498,Milton Garrido,GEN_01fc5d4c5c89,mdgarridoc@udistrital.edu.co,1,0,8670,2708,Milton Dayan Garrido Cardona,+573132064758,milton1999millos@gmail.com,Estándar 65k (2 citas),Bogotá,27,NO,,
71,NIVEL_4_SUBCONJUNTO_NOMBRE_DIFUSO,"Tokens de nombre contenidos ('Felipe Mendez' <-> 'Felipe Mendez Ibargüen'), emails: pipemendezi@hotmail.com vs felipemendezibar@gmail.com",15011,,Felipe Mendez,GEN_cd06e14d4891,pipemendezi@hotmail.com,1,0,9551,2972,Felipe Mendez Ibargüen,+573187943027,felipemendezibar@gmail.com,Estándar 65k (2 citas),Bogotá,26,NO,,
72,NIVEL_4_SUBCONJUNTO_NOMBRE_DIFUSO,"Tokens de nombre contenidos ('Jorge mario' <-> 'Jorge Mario Rios Giraldo'), emails: jmariorg@gmail.com vs jorge@anarttik.com",15015,,Jorge mario,GEN_2a3439e2b070,jmariorg@gmail.com,1,0,8363,1841,Jorge Mario Rios Giraldo,+573205426750,jorge@anarttik.com,"Plan Especial - $60,000 COP",Medellín,43,NO,,
73,NIVEL_4_SUBCONJUNTO_NOMBRE_DIFUSO,"Tokens de nombre contenidos ('Karla  Ochoa' <-> 'Karla Dayana Ochoa'), emails: kochoacarrillo@icloud.com vs kdayana.8a@gmail.com",15099,,Karla  Ochoa,GEN_87a864f31118,kochoacarrillo@icloud.com,1,0,13202,2822,Karla Dayana Ochoa,+573215669411,kdayana.8a@gmail.com,Estándar 65k (2 citas),Bogotá,28,NO,,
74,NIVEL_4_SUBCONJUNTO_NOMBRE_DIFUSO,"Tokens de nombre contenidos ('Victor camacho' <-> 'Victor Alfonso Camacho'), emails: victoralfonsocamachoagudelo@gmail.com vs victoralfonsocamachosgudelo@gmail.com",15109,,Victor camacho,GEN_fc71c9f31fc8,victoralfonsocamachoagudelo@gmail.com,1,0,13195,2803,Victor Alfonso Camacho,+573114936775,victoralfonsocamachosgudelo@gmail.com,Estándar 65k (2 citas),Bogotá,23,NO,,
75,NIVEL_4_SUBCONJUNTO_NOMBRE_DIFUSO,"Tokens de nombre contenidos ('Luis Cangrejo' <-> 'Luis Felipe Cangrejo Motta'), emails: pipekangrejo@gmail.com vs luisfcangrejo@gmail.com",15170,,Luis Cangrejo,GEN_88617c845e55,pipekangrejo@gmail.com,2,0,13090,3369,Luis Felipe Cangrejo Motta,+573117255199,luisfcangrejo@gmail.com,new lead,Bogotá,30,NO,,
76,NIVEL_4_SUBCONJUNTO_NOMBRE_DIFUSO,"Tokens de nombre contenidos ('Sair Enrique Pacheco Manjarrez' <-> 'Sair Enrique Pacheco'), emails: saepman@gmail.com vs vacío",15411,,Sair Enrique Pacheco Manjarrez,GEN_6665b8ee9bab,saepman@gmail.com,1,0,12500,1022,Sair Enrique Pacheco,+573205298727,,Estándar 65k (2 citas),Bogotá,43,NO,,
77,NIVEL_2_EMAIL_EXACTO_TARJETAHABIENTE_O_TERCERO_REVISAR,"Mismo email exacto (vkalulambi@unal.edu.co), pero nombre distinto en Stripe/CRM (A='David LOZANO' vs B='Valerie Kalulambi Báez') — posible tarjetahabiente, razón social o pareja",7902,313,David LOZANO,+573184656982,vkalulambi@unal.edu.co,0,1,7993,572,Valerie Kalulambi Báez,+573125078907,vkalulambi@unal.edu.co,Estándar 65k (2 citas),Bogotá,22,NO,,
78,NIVEL_2_EMAIL_EXACTO_TARJETAHABIENTE_O_TERCERO_REVISAR,"Mismo email exacto (ivansaa84@gmail.com), pero nombre distinto en Stripe/CRM (A='Sandra Muñoz' vs B='Ivan Savedra') — posible tarjetahabiente, razón social o pareja",12752,1556,Sandra Muñoz,+573108377735,ivansaa84@gmail.com,0,2,8476,2251,Ivan Savedra,+573124626000,ivansaa84@gmail.com,Estándar 65k (2 citas),Bogotá,41,NO,,
79,NIVEL_3_NOMBRE_COMPLETO_3_TOKENS_DISTINTO_EMAIL,"Nombre completo de 3 palabras idéntico ('Carlos alberto roldan'), pero emails distintos (ferrojass@gmail.com vs paisander@hotmail.com)",6163,,Carlos alberto roldan,+573000000772,ferrojass@gmail.com,0,8,8174,1103,Carlos Alberto Roldán,+573125523327,paisander@hotmail.com,Estándar 65k (2 citas),Bogotá,36,SI_EMAIL_CORRIDO_TABLA2,,
80,NIVEL_4_HOMONIMO_O_EMAIL_DISTINTO_REVISAR,Nombre de 2 palabras igual ('Andrés Martínez') pero emails distintos (andresmartinez800@hotmail.com vs esc1@hotmail.com) — posible homónimo o segundo correo,9383,698,Andrés Martínez,+57300000698,andresmartinez800@hotmail.com,0,1,12323,475,Andres Martinez,+573222189024,esc1@hotmail.com,Estándar 65k (2 citas),Bogotá,45,SI_EMAIL_CORRIDO_TABLA2,,
81,NIVEL_4_SIMILITUD_NOMBRE_DIFUSO,"Similitud ortográfica 92% ('Tsteian Tovar' <-> 'Tsetian Tovar'), emails: vacío vs tsetian.tovarn@gmail.com",5551,,Tsteian Tovar,+573000000161,,0,1,7970,502,Tsetian Tovar,+573183705561,tsetian.tovarn@gmail.com,Estándar 65k (2 citas),Bogotá,31,SI_EMAIL_CORRIDO_TABLA2,,
82,NIVEL_4_SIMILITUD_NOMBRE_DIFUSO,"Similitud ortográfica 97% ('Jhonathan Acosta' <-> 'Jonathan Acosta'), emails: vacío vs acostajonathan49@gmail.com",5808,,Jhonathan Acosta,+573000000417,,0,2,8705,2816,Jonathan Acosta,+573117700598,acostajonathan49@gmail.com,Estándar 65k (2 citas),Bogotá,34,SI_EMAIL_CORRIDO_TABLA2,,
83,NIVEL_4_SIMILITUD_NOMBRE_DIFUSO,"Similitud ortográfica 98% ('Maria Camila Villareal' <-> 'Maria Camila Villarreal'), emails: vacío vs mcvillarrealal@gmail.com",5859,,Maria Camila Villareal,+573000000468,,0,1,8812,3219,Maria Camila Villarreal,+573112937515,mcvillarrealal@gmail.com,Estándar 65k (2 citas),Bogotá,29,SI_EMAIL_CORRIDO_TABLA2,,
84,NIVEL_4_SIMILITUD_NOMBRE_DIFUSO,"Similitud ortográfica 96% ('Danilo Meneses Betancourt' <-> 'Danilo Meneses Betancur'), emails: josequiroga00@gmail.com vs dmb0209@gmail.com",5874,,Danilo Meneses Betancourt,+573000000483,josequiroga00@gmail.com,0,2,8858,3350,Danilo Meneses Betancur,+573150501399,dmb0209@gmail.com,Estándar 65k (2 citas),Medellín,29,SI_EMAIL_CORRIDO_TABLA2,,
85,NIVEL_4_SIMILITUD_NOMBRE_DIFUSO,"Similitud ortográfica 94% ('Elizabeth Mosquera Ruiz' <-> 'Elizabeth Mosquera Ortiz'), emails: carvajal.norma@gmail.com vs elizformacion@gmail.com",5900,,Elizabeth Mosquera Ruiz,+573000000509,carvajal.norma@gmail.com,0,1,8967,3581,Elizabeth Mosquera Ortiz,+573176410932,elizformacion@gmail.com,VIP 195k (5 citas),Cali,54,SI_EMAIL_CORRIDO_TABLA2,,
86,NIVEL_4_SIMILITUD_NOMBRE_DIFUSO,"Similitud ortográfica 93% ('Paola de gamboa' <-> 'Paula De Gamboa'), emails: dmorales0528@gmail.com vs paula@degamboa.com",5916,,Paola de gamboa,+573000000525,dmorales0528@gmail.com,0,1,8989,3614,Paula De Gamboa,+573106093035,paula@degamboa.com,98k (2 DATES),Bogotá,40,SI_EMAIL_CORRIDO_TABLA2,,
87,NIVEL_4_SIMILITUD_NOMBRE_DIFUSO,"Similitud ortográfica 95% ('Jhonny Cruz' <-> 'Jhony Cruz'), emails: danifelp97@hotmail.com vs cruzjhony@gmail.com",5945,,Jhonny Cruz,+573000000554,danifelp97@hotmail.com,0,1,9168,3823,Jhony Cruz,+573004917906,cruzjhony@gmail.com,"Plan Especial - $50,000 COP",Medellín,46,SI_EMAIL_CORRIDO_TABLA2,,
88,NIVEL_4_SIMILITUD_NOMBRE_DIFUSO,"Similitud ortográfica 97% ('Nieves Orgitanio' <-> 'Nieves Orgitano'), emails: anak.mferreira@gmail.com vs Orgitanonieves@gmail.com",6008,,Nieves Orgitanio,+573000000617,anak.mferreira@gmail.com,0,2,8736,2922,Nieves Orgitano,+573204653422,Orgitanonieves@gmail.com,65k (1 date),Bogotá,27,SI_EMAIL_CORRIDO_TABLA2,,
89,NIVEL_4_SIMILITUD_NOMBRE_DIFUSO,"Similitud ortográfica 97% ('Alexanadra Piña' <-> 'Alexandra Piña'), emails: vacío vs alepive@gmail.com",6016,,Alexanadra Piña,+573000000625,,0,5,7835,1184,Alexandra Piña,+573212202786,alepive@gmail.com,Estándar 65k (2 citas),Bogotá,36,SI_EMAIL_CORRIDO_TABLA2,,
90,NIVEL_4_SIMILITUD_NOMBRE_DIFUSO,"Similitud ortográfica 98% ('Leonardo Antonio Catañeda Celis' <-> 'Leonardo Antonio Castañeda Celis'), emails: mafemontes0@gmail.com vs leonardocastaneda@gmail.com",6064,,Leonardo Antonio Catañeda Celis,+573000000673,mafemontes0@gmail.com,0,2,9232,3889,Leonardo Antonio Castañeda Celis,+573002667122,leonardocastaneda@gmail.com,VIP 195k (5 citas),Bogotá,48,SI_EMAIL_CORRIDO_TABLA2,,
91,NIVEL_4_SIMILITUD_NOMBRE_DIFUSO,"Similitud ortográfica 95% ('Milagro Munive Juviano' <-> 'Milagro Munive Juvinao'), emails: vacío vs milagromunive19@gmail.com",6343,,Milagro Munive Juviano,+573000000952,,0,2,8936,3492,Milagro Munive Juvinao,+573115922835,milagromunive19@gmail.com,Estándar 65k (2 citas),Barranquilla,43,SI_EMAIL_CORRIDO_TABLA2,,
92,NIVEL_4_SIMILITUD_NOMBRE_DIFUSO,"Similitud ortográfica 95% ('Santiago Cortez Mora' <-> 'Santiago Cortes Mora'), emails: vacío vs cortesmorasantiago@gmail.com",6463,,Santiago Cortez Mora,+573000001072,,0,1,13054,2326,Santiago Cortes Mora,+573168229641,cortesmorasantiago@gmail.com,VIP 195k,Bogotá,27,SI_EMAIL_CORRIDO_TABLA2,,
93,NIVEL_4_SIMILITUD_NOMBRE_DIFUSO,"Similitud ortográfica 96% ('Daniela Gaskin' <-> 'Daniel Gaskin'), emails: vacío vs danielgaskin96@hotmail.com",7216,,Daniela Gaskin,+573000001825,,0,1,8699,2801,Daniel Gaskin,+19545204046,danielgaskin96@hotmail.com,150k,Miami,29,SI_EMAIL_CORRIDO_TABLA2,,
94,NIVEL_4_SIMILITUD_NOMBRE_DIFUSO,"Similitud ortográfica 92% ('Felipe Pietro' <-> 'Felipe Prieto'), emails: ortegonjuan20@gmail.com vs andres.prietoabogado@outlook.com",7217,,Felipe Pietro,+573000001826,ortegonjuan20@gmail.com,0,1,8684,2750,Felipe Prieto,+573115445699,andres.prietoabogado@outlook.com,Estándar 65k (2 citas),Bogotá,35,SI_EMAIL_CORRIDO_TABLA2,,
95,NIVEL_4_SIMILITUD_NOMBRE_DIFUSO,"Similitud ortográfica 93% ('Caludia Valdes' <-> 'CLAUDIA VALDES'), emails: vacío vs claudiavaldes76@gmail.com",7290,,Caludia Valdes,+573000001899,,0,1,8722,2874,CLAUDIA VALDES,+19546817312,claudiavaldes76@gmail.com,195k,Miami,50,SI_EMAIL_CORRIDO_TABLA2,,
96,NIVEL_4_SIMILITUD_NOMBRE_DIFUSO,"Similitud ortográfica 92% ('Laura anchica' <-> 'Laura Anchico'), emails: vacío vs laura@lauraanchico.com",7775,,Laura anchica,+573000002384,,0,1,5274,,Laura Anchico,+32031699099,laura@lauraanchico.com,195k,Medellín,40,SI_EMAIL_CORRIDO_TABLA2,,
97,NIVEL_4_SIMILITUD_NOMBRE_DIFUSO,"Similitud ortográfica 97% ('Maria Pia Santacruz' <-> 'Maria Pia Santa Cruz'), emails: vacío vs piasantacruzg@gmail.com",9292,,Maria Pia Santacruz,GEN_2568_1787067792,,0,1,8861,3357,Maria Pia Santa Cruz,+17864515887,piasantacruzg@gmail.com,Premium,Miami,26,NO,,
98,NIVEL_4_SIMILITUD_NOMBRE_DIFUSO,"Similitud ortográfica 95% ('Jorge Eduardo Aldana Castro' <-> 'JORGE EDUARDO ALDANA CASTAÑO'), emails: vacío vs jorgealdanac@gmail.com",9298,,Jorge Eduardo Aldana Castro,GEN_2595_1787067792,,0,1,9122,3776,JORGE EDUARDO ALDANA CASTAÑO,+573007379063,jorgealdanac@gmail.com,"Plan Especial - $50,000 COP",Bogotá,49,NO,,
99,NIVEL_4_SUBCONJUNTO_NOMBRE_DIFUSO,"Tokens de nombre contenidos ('Patricia Moreno' <-> 'Patricia Moreno 43'), emails: davidarngohernandez@gmail.com vs patriciamorenog83@gmail.com",5521,,Patricia Moreno,+573000000131,davidarngohernandez@gmail.com,0,5,9544,2713,Patricia Moreno 43,+573152444633,patriciamorenog83@gmail.com,Estándar 65k (2 citas),Bogotá,43,SI_EMAIL_CORRIDO_TABLA2,,
100,NIVEL_4_SUBCONJUNTO_NOMBRE_DIFUSO,"Tokens de nombre contenidos ('Nelly Ruiz' <-> 'Nelly Ruiz Guerrero'), emails: vacío vs nellyruizguerrero@gmail.com",5627,,Nelly Ruiz,+573000000237,,0,5,8808,3204,Nelly Ruiz Guerrero,+573015860363,nellyruizguerrero@gmail.com,Estándar 65k (2 citas),Bogotá,44,SI_EMAIL_CORRIDO_TABLA2,,
101,NIVEL_4_SUBCONJUNTO_NOMBRE_DIFUSO,"Tokens de nombre contenidos ('Paola Andrea Moreno' <-> 'Paola Andrea Moreno Rojas'), emails: vacío vs paandrea22@gmail.com",5727,,Paola Andrea Moreno,+573000000336,,0,2,8403,2011,Paola Andrea Moreno Rojas,+573133749114,paandrea22@gmail.com,65k (2 dates),Bogotá,40,SI_EMAIL_CORRIDO_TABLA2,,
102,NIVEL_4_SUBCONJUNTO_NOMBRE_DIFUSO,"Tokens de nombre contenidos ('Camilo Trinidad  (VIP)' <-> 'Camilo Trinidad'), emails: vacío vs camilo@qqss.com.co",5733,,Camilo Trinidad  (VIP),+573000000342,,0,5,8480,2264,Camilo Trinidad,+573102064466,camilo@qqss.com.co,Estándar 65k (2 citas),Bogotá,46,SI_EMAIL_CORRIDO_TABLA2,,
103,NIVEL_4_SUBCONJUNTO_NOMBRE_DIFUSO,"Tokens de nombre contenidos ('Andres Meza (barranquilla)' <-> 'Andres Meza'), emails: vacío vs andresmeza75@gmail.com",5739,,Andres Meza (barranquilla),+573000000348,,0,6,12889,1917,Andres Meza,+573043166554,andresmeza75@gmail.com,Estándar 65k (2 citas),Barranquilla,31,SI_EMAIL_CORRIDO_TABLA2,,
104,NIVEL_4_SUBCONJUNTO_NOMBRE_DIFUSO,"Tokens de nombre contenidos ('Ana Maria Ramirez Sierra (medellin)' <-> 'Ana maria Ramirez Sierra'), emails: paulina-gaviria@hotmail.com vs mayauribe@hotmail.com",5748,,Ana Maria Ramirez Sierra (medellin),+573000000357,paulina-gaviria@hotmail.com,0,4,6247,,Ana maria Ramirez Sierra,+573000000856,mayauribe@hotmail.com,65k (2 dates),La Ceja,32,SI_EMAIL_CORRIDO_TABLA2,,
105,NIVEL_4_SUBCONJUNTO_NOMBRE_DIFUSO,"Tokens de nombre contenidos ('Jesus Alberto Morales' <-> 'jesus alberto morales portela'), emails: 07santimarin07@gmail.com vs jesusmorales543210@gmail.com",5750,,Jesus Alberto Morales,+573000000359,07santimarin07@gmail.com,0,1,8444,2137,jesus alberto morales portela,+573229441967,jesusmorales543210@gmail.com,Estándar 65k (2 citas),Bogotá,27,SI_EMAIL_CORRIDO_TABLA2,,
106,NIVEL_4_SUBCONJUNTO_NOMBRE_DIFUSO,"Tokens de nombre contenidos ('Edwin Hernando Zapata' <-> 'Edwin Hernando Zapata Cifuentes'), emails: rartidas@gmail.com vs shippiuden@me.com",5766,,Edwin Hernando Zapata,+573000000375,rartidas@gmail.com,0,3,12755,1562,Edwin Hernando Zapata Cifuentes,+573150646409,shippiuden@me.com,65k (1 date),Bogotá,38,SI_EMAIL_CORRIDO_TABLA2,,
107,NIVEL_4_SUBCONJUNTO_NOMBRE_DIFUSO,"Tokens de nombre contenidos ('Monica Vanessa Agarita' <-> 'Monica Vanessa Agarita Lopez'), emails: vacío vs monicangaritalopez@gmail.com",5771,,Monica Vanessa Agarita,+573000000380,,0,2,8492,2342,Monica Vanessa Agarita Lopez,+573102901750,monicangaritalopez@gmail.com,65k (2 dates),Bogotá,34,SI_EMAIL_CORRIDO_TABLA2,,
108,NIVEL_4_SUBCONJUNTO_NOMBRE_DIFUSO,"Tokens de nombre contenidos ('Pedro Juan Arango (Miami)' <-> 'Pedro Juan Arango'), emails: vacío vs arangopedrojuan@gmail.com",5772,,Pedro Juan Arango (Miami),+573000000381,,0,4,13057,2336,Pedro Juan Arango,+19545594552,arangopedrojuan@gmail.com,65k (2 dates),Miami,31,SI_EMAIL_CORRIDO_TABLA2,,
109,NIVEL_4_SUBCONJUNTO_NOMBRE_DIFUSO,"Tokens de nombre contenidos ('Miguel Hernando Rivera Becerra (VIP)' <-> 'Miguel Hernando Rivera Becerra'), emails: genionet@hotmail.com vs miguelh.riverabe2005@gmail.com",5776,,Miguel Hernando Rivera Becerra (VIP),+573000000385,genionet@hotmail.com,0,6,12321,472,Miguel Hernando Rivera Becerra,+573209227080,miguelh.riverabe2005@gmail.com,VIP 195k,Bogotá,38,SI_EMAIL_CORRIDO_TABLA2,,
110,NIVEL_4_SUBCONJUNTO_NOMBRE_DIFUSO,"Tokens de nombre contenidos ('Andres Leonardo Bonilla' <-> 'ANDRES LEONARDO BONILLA GOMEZ'), emails: vacío vs andresbonilla770@gmail.com",5818,,Andres Leonardo Bonilla,+573000000427,,0,7,8747,2978,ANDRES LEONARDO BONILLA GOMEZ,+573114844921,andresbonilla770@gmail.com,Estándar 65k (2 citas),Medellín,37,SI_EMAIL_CORRIDO_TABLA2,,
111,NIVEL_4_SUBCONJUNTO_NOMBRE_DIFUSO,"Tokens de nombre contenidos ('Jorge Enrique Gallego' <-> 'Jorge Enrique Gallego Tangarife'), emails: lalamorantes18@gmail.com vs jorrique69@hotmail.com",5822,,Jorge Enrique Gallego,+573000000431,lalamorantes18@gmail.com,0,8,8728,2890,Jorge Enrique Gallego Tangarife,+13148972131,jorrique69@hotmail.com,Estándar 65k (2 citas),Pereira,46,SI_EMAIL_CORRIDO_TABLA2,,
112,NIVEL_4_SUBCONJUNTO_NOMBRE_DIFUSO,"Tokens de nombre contenidos ('Camila Rodriguez Gasca VIP' <-> 'Camila RodrIguez Gasca'), emails: vacío vs camilargasca@hotmail.com",5826,,Camila Rodriguez Gasca VIP,+573000000435,,0,3,13314,3008,Camila RodrIguez Gasca,+573176366718,camilargasca@hotmail.com,VIP 195k,Cali,30,SI_EMAIL_CORRIDO_TABLA2,,
113,NIVEL_4_SUBCONJUNTO_NOMBRE_DIFUSO,"Tokens de nombre contenidos ('Laura Natalia Cruz' <-> 'Laura Natalia Cruz Gonzalez'), emails: mpguerrerogo@gmail.com vs lacruz@uan.edu.co",5885,,Laura Natalia Cruz,+573000000494,mpguerrerogo@gmail.com,0,1,8944,3531,Laura Natalia Cruz Gonzalez,+573167958033,lacruz@uan.edu.co,Estándar 65k (2 citas),Bogotá,31,SI_EMAIL_CORRIDO_TABLA2,,
114,NIVEL_4_SUBCONJUNTO_NOMBRE_DIFUSO,"Tokens de nombre contenidos ('Jenny Paola Buitrago' <-> 'Jenny Paola Buitrago Bonilla'), emails: vacío vs jennypaolabuitrago@gmail.com",5896,,Jenny Paola Buitrago,+573000000505,,0,1,8966,3579,Jenny Paola Buitrago Bonilla,+13124655367,jennypaolabuitrago@gmail.com,Estándar 65k (2 citas),Bogotá,44,SI_EMAIL_CORRIDO_TABLA2,,
115,NIVEL_4_SUBCONJUNTO_NOMBRE_DIFUSO,"Tokens de nombre contenidos ('andres leonardo delgadillo' <-> 'Andres Leonardo Delgadillo Niño'), emails: vacío vs andresleonardodelgadillo@gmail.com",5897,,andres leonardo delgadillo,+573000000506,,0,2,8977,3591,Andres Leonardo Delgadillo Niño,+573138976921,andresleonardodelgadillo@gmail.com,Estándar 65k (2 citas),Bogotá,36,SI_EMAIL_CORRIDO_TABLA2,,
116,NIVEL_4_SUBCONJUNTO_NOMBRE_DIFUSO,"Tokens de nombre contenidos ('David Felipe Velandia' <-> 'David Felipe Velandia Parra'), emails: ing.rafaelardila@gmail.com vs felipe28vp@gmail.com",5942,,David Felipe Velandia,+573000000551,ing.rafaelardila@gmail.com,0,3,9117,3771,David Felipe Velandia Parra,+573214806750,felipe28vp@gmail.com,Estándar 65k (2 citas),Bogotá,33,SI_EMAIL_CORRIDO_TABLA2,,
117,NIVEL_4_SUBCONJUNTO_NOMBRE_DIFUSO,"Tokens de nombre contenidos ('Ivan Ernesto Sierra' <-> 'Ivan Ernesto Sierra Palacios'), emails: lorenasuarezbulla@gmail.com vs ivanpalacios2018@gmail.com",6119,,Ivan Ernesto Sierra,+573000000728,lorenasuarezbulla@gmail.com,0,5,8246,1442,Ivan Ernesto Sierra Palacios,+573054111516,ivanpalacios2018@gmail.com,Estándar 65k (2 citas),Bogotá,37,SI_EMAIL_CORRIDO_TABLA2,,
118,NIVEL_4_SUBCONJUNTO_NOMBRE_DIFUSO,"Tokens de nombre contenidos ('Juan Sebastian Forero' <-> 'Juan Sebastian Forero Cordoba'), emails: sacontrerasc21@gmail.com vs juan.sebastian.forero.cordoba@gmail.com",6122,,Juan Sebastian Forero,+573000000731,sacontrerasc21@gmail.com,0,8,7038,1647,Juan Sebastian Forero Cordoba,+573000001647,juan.sebastian.forero.cordoba@gmail.com,150k,Bogot?,33,SI_EMAIL_CORRIDO_TABLA2,,
119,NIVEL_4_SUBCONJUNTO_NOMBRE_DIFUSO,"Tokens de nombre contenidos ('Maria Antonia Santos' <-> 'Maria Antonia Santos Molina'), emails: vacío vs antonias1201@hotmail.com",6123,,Maria Antonia Santos,+573000000732,,0,5,8267,1532,Maria Antonia Santos Molina,+573128613127,antonias1201@hotmail.com,Estándar 65k (2 citas),Medellín,24,SI_EMAIL_CORRIDO_TABLA2,,
120,NIVEL_4_SUBCONJUNTO_NOMBRE_DIFUSO,"Tokens de nombre contenidos ('Catalina Alba' <-> 'Catalina Alba Santa'), emails: vacío vs catalinalba.santa@gmail.com",6145,,Catalina Alba,+573000000754,,0,3,8283,1599,Catalina Alba Santa,+573004970075,catalinalba.santa@gmail.com,65k (2 dates),Bogotá,32,SI_EMAIL_CORRIDO_TABLA2,,
121,NIVEL_4_SUBCONJUNTO_NOMBRE_DIFUSO,"Tokens de nombre contenidos ('Claudia Fernanda Samboní' <-> 'Claudia Fernanda Samboni Hoyos'), emails: emmajackelinemurzi@gmail.com vs clafernanda88@gmail.com",6185,,Claudia Fernanda Samboní,+573000000794,emmajackelinemurzi@gmail.com,0,5,8373,1887,Claudia Fernanda Samboni Hoyos,+573123570387,clafernanda88@gmail.com,Estándar 65k (2 citas),Bogotá,37,SI_EMAIL_CORRIDO_TABLA2,,
122,NIVEL_4_SUBCONJUNTO_NOMBRE_DIFUSO,"Tokens de nombre contenidos ('Ana Lucia de Greiff' <-> 'Ana Lucia de Greiff Alvarez'), emails: vacío vs analu-1993@hotmail.com",6209,,Ana Lucia de Greiff,+573000000818,,0,1,7362,,Ana Lucia de Greiff Alvarez,+573000001971,analu-1993@hotmail.com,40k,Medellín,32,SI_EMAIL_CORRIDO_TABLA2,,
123,NIVEL_4_SUBCONJUNTO_NOMBRE_DIFUSO,"Tokens de nombre contenidos ('Jessica Paola Castro' <-> 'Jessica Paola Castro Gomez'), emails: vacío vs jessica_2726678@hotmail.com",6219,,Jessica Paola Castro,+573000000828,,0,1,8440,2125,Jessica Paola Castro Gomez,+573174336920,jessica_2726678@hotmail.com,65k (2 dates),Bogotá,31,SI_EMAIL_CORRIDO_TABLA2,,
124,NIVEL_4_SUBCONJUNTO_NOMBRE_DIFUSO,"Tokens de nombre contenidos ('Carlos Andrés Muñoz' <-> 'Carlos Andres Muñoz Gomez'), emails: maria.camachor1803@gmail.com vs camugom@gmail.com",6224,,Carlos Andrés Muñoz,+573000000833,maria.camachor1803@gmail.com,0,6,11120,2220,Carlos Andres Muñoz Gomez,+573223468322,camugom@gmail.com,65k (2 dates),Manizales,47,SI_EMAIL_CORRIDO_TABLA2,,
125,NIVEL_4_SUBCONJUNTO_NOMBRE_DIFUSO,"Tokens de nombre contenidos ('Karla Melissa Sandoval' <-> 'Karla Melissa Sandoval Fonseca'), emails: vacío vs karlasandovalfonseca@gmail.com",6281,,Karla Melissa Sandoval,+573000000890,,0,2,13049,2317,Karla Melissa Sandoval Fonseca,+573136527357,karlasandovalfonseca@gmail.com,65k (1 date),Bogotá,25,SI_EMAIL_CORRIDO_TABLA2,,
126,NIVEL_4_SUBCONJUNTO_NOMBRE_DIFUSO,"Tokens de nombre contenidos ('Juan esteban garzon' <-> 'Juan Esteban Garzón Borda'), emails: vacío vs juesgabo@gmail.com",6294,,Juan esteban garzon,+573000000903,,0,2,8787,3133,Juan Esteban Garzón Borda,+13056840774,juesgabo@gmail.com,"Plan Especial - $60,000 COP",Miami,23,SI_EMAIL_CORRIDO_TABLA2,,
127,NIVEL_4_SUBCONJUNTO_NOMBRE_DIFUSO,"Tokens de nombre contenidos ('Ana cristina portilla' <-> 'Ana Cristina Portilla Benavides'), emails: vacío vs anacrispor@hotmail.com",6306,,Ana cristina portilla,+573000000915,,0,4,8449,2150,Ana Cristina Portilla Benavides,+573183505479,anacrispor@hotmail.com,"Plan Especial - $80,000 COP",Bogotá,48,SI_EMAIL_CORRIDO_TABLA2,,
128,NIVEL_4_SUBCONJUNTO_NOMBRE_DIFUSO,"Tokens de nombre contenidos ('Angie lorena Perez' <-> 'Angie Lorena Perez Martinez'), emails: lrojasflechas@gmail.com vs angielorenap@icloud.com",6317,,Angie lorena Perez,+573000000926,lrojasflechas@gmail.com,0,4,8765,3044,Angie Lorena Perez Martinez,+573507942173,angielorenap@icloud.com,65k (1 date),Bogotá,29,SI_EMAIL_CORRIDO_TABLA2,,
129,NIVEL_4_SUBCONJUNTO_NOMBRE_DIFUSO,"Tokens de nombre contenidos ('Fitzgerald Leonard Gerardo' <-> 'Fitzgerald Leonard Gerardo Toro Quitian'), emails: vacío vs jfelipearisti00@gmail.com",6390,,Fitzgerald Leonard Gerardo,+573000000999,,0,1,6023,,Fitzgerald Leonard Gerardo Toro Quitian,+573000000632,jfelipearisti00@gmail.com,Estándar 65k (2 citas),Bogotá,29,SI_EMAIL_CORRIDO_TABLA2,,
130,NIVEL_4_SUBCONJUNTO_NOMBRE_DIFUSO,"Tokens de nombre contenidos ('Diego Nicolas Forero' <-> 'DIEGO NICOLAS FORERO HERRERA'), emails: 22.higuera@gmail.com vs diego.n.forero@gmail.com",6394,,Diego Nicolas Forero,+573000001003,22.higuera@gmail.com,0,3,8782,3100,DIEGO NICOLAS FORERO HERRERA,+573123717734,diego.n.forero@gmail.com,Estándar 65k (2 citas),Bogotá,32,SI_EMAIL_CORRIDO_TABLA2,,
131,NIVEL_4_SUBCONJUNTO_NOMBRE_DIFUSO,"Tokens de nombre contenidos ('Santiago Elías Gomez' <-> 'Santiago Elías Gomez Quintero'), emails: paulinacz98@hotmail.com vs santiagogomez_@hotmail.com",6403,,Santiago Elías Gomez,+573000001012,paulinacz98@hotmail.com,0,8,8823,3264,Santiago Elías Gomez Quintero,+573507138070,santiagogomez_@hotmail.com,"Plan Especial - $50,000 COP",Bogotá,30,SI_EMAIL_CORRIDO_TABLA2,,
132,NIVEL_4_SUBCONJUNTO_NOMBRE_DIFUSO,"Tokens de nombre contenidos ('Paola Andrea Ramirez' <-> 'Paola ramirez ramirez'), emails: vacío vs paolita_256@hotmail.com",6424,,Paola Andrea Ramirez,+573000001033,,0,2,9031,3672,Paola ramirez ramirez,+573142963767,paolita_256@hotmail.com,Estándar 65k (2 citas),Bogotá,37,SI_EMAIL_CORRIDO_TABLA2,,
133,NIVEL_4_SUBCONJUNTO_NOMBRE_DIFUSO,"Tokens de nombre contenidos ('Johana Alejandra Guarnizo' <-> 'Johana Alejandra Guarnizo Villanueva'), emails: vacío vs alejitaguarnizo@hotmail.com",6431,,Johana Alejandra Guarnizo,+573000001040,,0,3,8964,3576,Johana Alejandra Guarnizo Villanueva,+573103076037,alejitaguarnizo@hotmail.com,195k,Medellín,32,SI_EMAIL_CORRIDO_TABLA2,,
134,NIVEL_4_SUBCONJUNTO_NOMBRE_DIFUSO,"Tokens de nombre contenidos ('Maria Nela Garcia' <-> 'Maria Nela Garcia Ardila'), emails: carolinaavila@hotmail.com vs marianelaga77@gmail.com",6438,,Maria Nela Garcia,+573000001047,carolinaavila@hotmail.com,0,4,11360,2705,Maria Nela Garcia Ardila,+13173153732,marianelaga77@gmail.com,195k,Medellín,50,SI_EMAIL_CORRIDO_TABLA2,,
135,NIVEL_4_SUBCONJUNTO_NOMBRE_DIFUSO,"Tokens de nombre contenidos ('Diego fabian  Castrillon' <-> 'Diego Fabian Castrillón Segura'), emails: nena_montanez@hotmail.com vs segurafabian604@gmail.com",6471,,Diego fabian  Castrillon,+573000001080,nena_montanez@hotmail.com,0,4,15974,3633,Diego Fabian Castrillón Segura,+573000003633,segurafabian604@gmail.com,,Bogotá,22,SI_EMAIL_CORRIDO_TABLA2,,
136,NIVEL_4_SUBCONJUNTO_NOMBRE_DIFUSO,"Tokens de nombre contenidos ('ANDREA NATALIA BORRERO' <-> 'Andrea Borrero'), emails: vacío vs andborsaa@hotmail.com",6473,,ANDREA NATALIA BORRERO,+573000001082,,0,2,8064,723,Andrea Borrero,+573163686252,andborsaa@hotmail.com,65k (2 dates),Bogotá,25,SI_EMAIL_CORRIDO_TABLA2,,
137,NIVEL_4_SUBCONJUNTO_NOMBRE_DIFUSO,"Tokens de nombre contenidos ('LAURA PAOLA OÑATE' <-> 'Laura Oñate'), emails: jhoanna.urrego@gmail.com vs laura-pon@hotmail.com",6476,,LAURA PAOLA OÑATE,+573000001085,jhoanna.urrego@gmail.com,0,6,8058,696,Laura Oñate,+573173705810,laura-pon@hotmail.com,"Plan Especial - $60,000 COP",Bogotá,29,SI_EMAIL_CORRIDO_TABLA2,,
138,NIVEL_4_SUBCONJUNTO_NOMBRE_DIFUSO,"Tokens de nombre contenidos ('MIGUEL ANGEL GONZALEZ' <-> 'Miguel Angel Gonzalez Calderon'), emails: vacío vs migue-0112@hotmail.com",6484,,MIGUEL ANGEL GONZALEZ,+573000001093,,0,2,8071,744,Miguel Angel Gonzalez Calderon,+573158944941,migue-0112@hotmail.com,Estándar 65k (2 citas),Bogotá,31,SI_EMAIL_CORRIDO_TABLA2,,
139,NIVEL_4_SUBCONJUNTO_NOMBRE_DIFUSO,"Tokens de nombre contenidos ('ALEJANDRO CASTRO' <-> 'Alejandro Castro Martinez'), emails: alejapi09@gmail.com vs akamiz.1996@gmail.com",6494,,ALEJANDRO CASTRO,+573000001103,alejapi09@gmail.com,0,4,8843,3303,Alejandro Castro Martinez,+573102498720,akamiz.1996@gmail.com,65k (2 dates),Bogot?,30,SI_EMAIL_CORRIDO_TABLA2,,
140,NIVEL_4_SUBCONJUNTO_NOMBRE_DIFUSO,"Tokens de nombre contenidos ('MARIA ANGELICA ROSALES' <-> 'María Angélica Rosales Marchena'), emails: vacío vs mangelicarosales@hotmail.com",6499,,MARIA ANGELICA ROSALES,+573000001108,,0,5,8126,940,María Angélica Rosales Marchena,+573005541136,mangelicarosales@hotmail.com,65k (2 dates),Bogotá,36,SI_EMAIL_CORRIDO_TABLA2,,
141,NIVEL_4_SUBCONJUNTO_NOMBRE_DIFUSO,"Tokens de nombre contenidos ('JUAN SEBASTIAN RICO' <-> 'Juan Sebastian'), emails: vacío vs vacío",6509,,JUAN SEBASTIAN RICO,+573000001118,,0,2,9923,135,Juan Sebastian,+13138823273,,Estándar 65k (2 citas),Bogotá,26,SI_EMAIL_CORRIDO_TABLA2,,
142,NIVEL_4_SUBCONJUNTO_NOMBRE_DIFUSO,"Tokens de nombre contenidos ('ANDRES FELIPE MEJIA' <-> 'Andres Mejia'), emails: santiagoajimenez@gmail.com vs andresmejiaara@gmail.com",6515,,ANDRES FELIPE MEJIA,+573000001124,santiagoajimenez@gmail.com,0,1,8195,1191,Andres Mejia,+573137378136,andresmejiaara@gmail.com,Estándar 65k (2 citas),Pereira,44,SI_EMAIL_CORRIDO_TABLA2,,
143,NIVEL_4_SUBCONJUNTO_NOMBRE_DIFUSO,"Tokens de nombre contenidos ('NÉSTOR JAVIER ALMANZA' <-> 'Nestor Javier Almanza Caicedo'), emails: natys284@hotmail.com vs nestorjavierac@gmail.com",6536,,NÉSTOR JAVIER ALMANZA,+573000001145,natys284@hotmail.com,0,3,8203,1225,Nestor Javier Almanza Caicedo,+573184728252,nestorjavierac@gmail.com,Estándar 65k (2 citas),Bogotá,50,SI_EMAIL_CORRIDO_TABLA2,,
144,NIVEL_4_SUBCONJUNTO_NOMBRE_DIFUSO,"Tokens de nombre contenidos ('DANIELA BRICEÑO' <-> 'Daniela Briceño Vega'), emails: mariaoviedo1605@gmail.com vs bricenovegadaniela@gmail.com",6540,,DANIELA BRICEÑO,+573000001149,mariaoviedo1605@gmail.com,0,6,8206,1254,Daniela Briceño Vega,+573164543434,bricenovegadaniela@gmail.com,Estándar 65k (2 citas),Bogotá,23,SI_EMAIL_CORRIDO_TABLA2,,
145,NIVEL_4_SUBCONJUNTO_NOMBRE_DIFUSO,"Tokens de nombre contenidos ('ANDRES FELIPE CANCELADO' <-> 'Andres Felipe Cancelado Bejarano'), emails: vacío vs andrescanceb@gmail.com",6545,,ANDRES FELIPE CANCELADO,+573000001154,,0,6,8210,1299,Andres Felipe Cancelado Bejarano,+573118039372,andrescanceb@gmail.com,65k (2 dates),Bogotá,32,SI_EMAIL_CORRIDO_TABLA2,,
146,NIVEL_4_SUBCONJUNTO_NOMBRE_DIFUSO,"Tokens de nombre contenidos ('ANDREA UPEGUI (med)' <-> 'Andrea Upegui'), emails: mariaquintero9810@gmail.com vs andreaupegui83@gmail.com",6551,,ANDREA UPEGUI (med),+573000001160,mariaquintero9810@gmail.com,0,5,12719,1492,Andrea Upegui,+573229502806,andreaupegui83@gmail.com,Estándar 65k (2 citas),Medellín,42,SI_EMAIL_CORRIDO_TABLA2,,
147,NIVEL_4_SUBCONJUNTO_NOMBRE_DIFUSO,"Tokens de nombre contenidos ('JUAN DAVID HIGUERA' <-> 'Juan David Higuera Gonzalez'), emails: dchavarror@gmail.com vs juandahi@gmail.com",6553,,JUAN DAVID HIGUERA,+573000001162,dchavarror@gmail.com,0,1,8229,1363,Juan David Higuera Gonzalez,+50683495484,juandahi@gmail.com,Upgrade to VIP,Bogotá,36,SI_EMAIL_CORRIDO_TABLA2,,
148,NIVEL_4_SUBCONJUNTO_NOMBRE_DIFUSO,"Tokens de nombre contenidos ('JUAN FELIPE LOPEZ' <-> 'Juan Felipe Lopez Sánchez'), emails: vacío vs juanfelopsanchez@gmail.com",6561,,JUAN FELIPE LOPEZ,+573000001170,,0,1,8252,1461,Juan Felipe Lopez Sánchez,+573202710172,juanfelopsanchez@gmail.com,Estándar 65k (2 citas),Bogotá,19,SI_EMAIL_CORRIDO_TABLA2,,
149,NIVEL_4_SUBCONJUNTO_NOMBRE_DIFUSO,"Tokens de nombre contenidos ('LILIANA ANDREA GIRALDO' <-> 'Liliana Andrea Giraldo Gómez'), emails: vacío vs lilianagirald50@gmail.com",6562,,LILIANA ANDREA GIRALDO,+573000001171,,0,3,8242,1429,Liliana Andrea Giraldo Gómez,+573204240855,lilianagirald50@gmail.com,Estándar 65k (2 citas),Bogotá,46,SI_EMAIL_CORRIDO_TABLA2,,
150,NIVEL_4_SUBCONJUNTO_NOMBRE_DIFUSO,"Tokens de nombre contenidos ('JUAN CARLOS AMAYA' <-> 'Juan carlos Amaya guevara'), emails: adriana1998.10@hotmail.com vs info@elcapi.com.co",6564,,JUAN CARLOS AMAYA,+573000001173,adriana1998.10@hotmail.com,0,6,7842,1962,Juan carlos Amaya guevara,+573116041339,info@elcapi.com.co,65k (2 dates),Cali,55,SI_EMAIL_CORRIDO_TABLA2,,
151,NIVEL_4_SUBCONJUNTO_NOMBRE_DIFUSO,"Tokens de nombre contenidos ('JOSE DANIEL ROJAS' <-> 'Jose Daniel Rojas Perea'), emails: vacío vs jose.rojas.perea@gmail.com",6568,,JOSE DANIEL ROJAS,+573000001177,,0,3,8279,1588,Jose Daniel Rojas Perea,+573013427675,jose.rojas.perea@gmail.com,Estándar 65k (2 citas),Bogotá,28,SI_EMAIL_CORRIDO_TABLA2,,
152,NIVEL_4_SUBCONJUNTO_NOMBRE_DIFUSO,"Tokens de nombre contenidos ('SARA EVA' <-> 'Sara Eva Acosta Giandomenico'), emails: vacío vs saraevacostag@gmail.com",6591,,SARA EVA,+573000001200,,0,1,8342,1758,Sara Eva Acosta Giandomenico,+573006614341,saraevacostag@gmail.com,40k,Bogotá,35,SI_EMAIL_CORRIDO_TABLA2,,
153,NIVEL_4_SUBCONJUNTO_NOMBRE_DIFUSO,"Tokens de nombre contenidos ('MARIA JOSE GARCIA' <-> 'Maria Jose Garcia Rubio'), emails: diego@pelletier.com.co vs yapoca@gmail.com",6594,,MARIA JOSE GARCIA,+573000001203,diego@pelletier.com.co,0,1,8341,1757,Maria Jose Garcia Rubio,+573022161766,yapoca@gmail.com,195k,Bogotá,44,SI_EMAIL_CORRIDO_TABLA2,,
154,NIVEL_4_SUBCONJUNTO_NOMBRE_DIFUSO,"Tokens de nombre contenidos ('Carlos Mario Cepeda' <-> 'Carlos Mario Arenillas Cepeda'), emails: vacío vs mariocepda34@gmail.com",6618,,Carlos Mario Cepeda,+573000001227,,0,1,5396,,Carlos Mario Arenillas Cepeda,+3142734649,mariocepda34@gmail.com,Estándar 65k (2 citas),Bogotá,23,SI_EMAIL_CORRIDO_TABLA2,,
155,NIVEL_4_SUBCONJUNTO_NOMBRE_DIFUSO,"Tokens de nombre contenidos ('IVAN ROJAS' <-> 'Ivan Rojas Florez'), emails: laura.castanedam8@gmail.com vs ivanrojasflorez@gmail.com",6621,,IVAN ROJAS,+573000001230,laura.castanedam8@gmail.com,0,2,8418,2065,Ivan Rojas Florez,+573134505568,ivanrojasflorez@gmail.com,65k (2 dates),Bogotá,30,SI_EMAIL_CORRIDO_TABLA2,,
156,NIVEL_4_SUBCONJUNTO_NOMBRE_DIFUSO,"Tokens de nombre contenidos ('LUIS CARLOS BOYANO' <-> 'Luis Carlos Boyano Orozco'), emails: daniela3030o@gmail.com vs luisboyano8@gmail.com",6624,,LUIS CARLOS BOYANO,+573000001233,daniela3030o@gmail.com,0,3,12976,2143,Luis Carlos Boyano Orozco,+573107154549,luisboyano8@gmail.com,Estándar 65k (2 citas),Barranquilla,35,SI_EMAIL_CORRIDO_TABLA2,,
157,NIVEL_4_SUBCONJUNTO_NOMBRE_DIFUSO,"Tokens de nombre contenidos ('MATEO CORTES' <-> 'Mateo Cortes Betancur'), emails: ablancoinmo@gmail.com vs cortemat@hotmail.com",6627,,MATEO CORTES,+573000001236,ablancoinmo@gmail.com,0,2,8466,2209,Mateo Cortes Betancur,+573183910235,cortemat@hotmail.com,65k (2 dates),Bogotá,29,SI_EMAIL_CORRIDO_TABLA2,,
158,NIVEL_4_SUBCONJUNTO_NOMBRE_DIFUSO,"Tokens de nombre contenidos ('FRANCY YAMILE TATAR' <-> 'Francy Yamile Tatar Garnica'), emails: l_laurita1@hotmail.com vs tatargarnica@gmail.com",6639,,FRANCY YAMILE TATAR,+573000001248,l_laurita1@hotmail.com,0,2,8530,2476,Francy Yamile Tatar Garnica,+573105724467,tatargarnica@gmail.com,195k,Bogotá,60,SI_EMAIL_CORRIDO_TABLA2,,
159,NIVEL_4_SUBCONJUNTO_NOMBRE_DIFUSO,"Tokens de nombre contenidos ('JUAN CARLOS GARCES' <-> 'Juan Carlos Garces Perez'), emails: nicolascadena37@gmail.com vs garcesperezjuancarlos@gmail.com",6642,,JUAN CARLOS GARCES,+573000001251,nicolascadena37@gmail.com,0,1,8137,966,Juan Carlos Garces Perez,+573154859565,garcesperezjuancarlos@gmail.com,Estándar 65k (2 citas),Bogotá,35,SI_EMAIL_CORRIDO_TABLA2,,
160,NIVEL_4_SUBCONJUNTO_NOMBRE_DIFUSO,"Tokens de nombre contenidos ('JESSIKA PAOLA GONZALEZ' <-> 'Jessika paola Gonzalez Lopez'), emails: morataeli18@gmail.com vs jessikagonzalez184@gmail.com",6648,,JESSIKA PAOLA GONZALEZ,+573000001257,morataeli18@gmail.com,0,1,8460,2195,Jessika paola Gonzalez Lopez,+13104076990,jessikagonzalez184@gmail.com,65k (2 dates),Medellín,36,SI_EMAIL_CORRIDO_TABLA2,,
161,NIVEL_4_SUBCONJUNTO_NOMBRE_DIFUSO,"Tokens de nombre contenidos ('MANUEL ALEJANDRO BELTRAN' <-> 'Manuel Alejandro Beltrán Cárdenas'), emails: tatianajaramillov@gmail.com vs manuelbcale@gmail.com",6662,,MANUEL ALEJANDRO BELTRAN,+573000001271,tatianajaramillov@gmail.com,0,7,8701,2804,Manuel Alejandro Beltrán Cárdenas,+573203966583,manuelbcale@gmail.com,195k,Bogotá,29,SI_EMAIL_CORRIDO_TABLA2,,
162,NIVEL_4_SUBCONJUNTO_NOMBRE_DIFUSO,"Tokens de nombre contenidos ('JUAN PABLO SALAZAR' <-> 'Juan Pablo Salazar Gomez'), emails: vacío vs salazar.juanpablo871@gmail.com",6669,,JUAN PABLO SALAZAR,+573000001278,,0,9,8709,2829,Juan Pablo Salazar Gomez,+573105655570,salazar.juanpablo871@gmail.com,VIP 195k,Bogotá,39,SI_EMAIL_CORRIDO_TABLA2,,
163,NIVEL_4_SUBCONJUNTO_NOMBRE_DIFUSO,"Tokens de nombre contenidos ('JUAN PABLO SALAZAR' <-> 'Juan Pablo Salazar Gomez'), emails: vacío vs salazar.juanpablo871@gmail.com",6670,,JUAN PABLO SALAZAR,+573000001279,,0,3,8709,2829,Juan Pablo Salazar Gomez,+573105655570,salazar.juanpablo871@gmail.com,VIP 195k,Bogotá,39,SI_EMAIL_CORRIDO_TABLA2,,
164,NIVEL_4_SUBCONJUNTO_NOMBRE_DIFUSO,"Tokens de nombre contenidos ('LAURA FEDULLO' <-> 'Laura Carolina Fedullo Lasso'), emails: lalac93@hotmail.com vs lau.fedullodi@gmail.com",6700,,LAURA FEDULLO,+573000001309,lalac93@hotmail.com,0,7,8759,3025,Laura Carolina Fedullo Lasso,+573133772854,lau.fedullodi@gmail.com,Estándar 65k (2 citas),Bogotá,32,SI_EMAIL_CORRIDO_TABLA2,,
165,NIVEL_4_SUBCONJUNTO_NOMBRE_DIFUSO,"Tokens de nombre contenidos ('LAURA FEDULLO' <-> 'Laura Carolina Fedullo Lasso'), emails: ser.garibello@gmail.com vs lau.fedullodi@gmail.com",6702,,LAURA FEDULLO,+573000001311,ser.garibello@gmail.com,0,3,8759,3025,Laura Carolina Fedullo Lasso,+573133772854,lau.fedullodi@gmail.com,Estándar 65k (2 citas),Bogotá,32,SI_EMAIL_CORRIDO_TABLA2,,
166,NIVEL_4_SUBCONJUNTO_NOMBRE_DIFUSO,"Tokens de nombre contenidos ('FRANK DURAN' <-> 'FRANK HEYBER DURAN MEDINA'), emails: camilaruizes@gmail.com vs corporativopanda@outlook.com",6735,,FRANK DURAN,+573000001344,camilaruizes@gmail.com,0,5,8839,3295,FRANK HEYBER DURAN MEDINA,+13167577550,corporativopanda@outlook.com,Estándar 65k (2 citas),Bucaramanga,31,SI_EMAIL_CORRIDO_TABLA2,,
167,NIVEL_4_SUBCONJUNTO_NOMBRE_DIFUSO,"Tokens de nombre contenidos ('ALEJANDRO ZULUAGA' <-> 'Alejandro Zuluaga soler'), emails: sandra.milena4@gmail.com vs jeffer.0312@hotmail.com",6738,,ALEJANDRO ZULUAGA,+573000001347,sandra.milena4@gmail.com,0,2,8769,3061,Alejandro Zuluaga soler,+573057922530,jeffer.0312@hotmail.com,Estándar 65k (2 citas),Bogotá,31,SI_EMAIL_CORRIDO_TABLA2,,
168,NIVEL_4_SUBCONJUNTO_NOMBRE_DIFUSO,"Tokens de nombre contenidos ('KEVIN FELIPE RINCON' <-> 'Kevin Felipe Rincon Torres'), emails: xime.duartec@gmail.com vs keferito322@gmail.com",6740,,KEVIN FELIPE RINCON,+573000001349,xime.duartec@gmail.com,0,1,8836,3289,Kevin Felipe Rincon Torres,+573012767204,keferito322@gmail.com,98k (2 DATES),Bogotá,22,SI_EMAIL_CORRIDO_TABLA2,,
169,NIVEL_4_SUBCONJUNTO_NOMBRE_DIFUSO,"Tokens de nombre contenidos ('MARIA CAMILA CABRERA' <-> 'Maria Camila Cabrera Garcia'), emails: ceo@javyrocks.com vs mariacamilacabreragarcia.25@gmail.com",6750,,MARIA CAMILA CABRERA,+573000001359,ceo@javyrocks.com,0,1,8829,3278,Maria Camila Cabrera Garcia,+573012577852,mariacamilacabreragarcia.25@gmail.com,VIP 195k,Barranquilla,31,SI_EMAIL_CORRIDO_TABLA2,,
170,NIVEL_4_SUBCONJUNTO_NOMBRE_DIFUSO,"Tokens de nombre contenidos ('DANIEL SANTIAGO FORERO' <-> 'Daniel Santiago Forero Duran'), emails: kcastanoh@hotmail.com vs daniel.forerod86@gmail.com",6758,,DANIEL SANTIAGO FORERO,+573000001367,kcastanoh@hotmail.com,0,1,15494,1382,Daniel Santiago Forero Duran,WA_56df628ee574,daniel.forerod86@gmail.com,Estándar 65k (2 citas),Bogotá,27,SI_EMAIL_CORRIDO_TABLA2,,
171,NIVEL_4_SUBCONJUNTO_NOMBRE_DIFUSO,"Tokens de nombre contenidos ('RICARDO CUERVO' <-> 'Ricardo Cuervo Arevalo'), emails: juancamilonavarro@gmail.com vs ricuervoar@unal.edu.co",6761,,RICARDO CUERVO,+573000001370,juancamilonavarro@gmail.com,0,3,8953,3559,Ricardo Cuervo Arevalo,+573173748390,ricuervoar@unal.edu.co,98k (2 DATES),Bogotá,32,SI_EMAIL_CORRIDO_TABLA2,,
172,NIVEL_4_SUBCONJUNTO_NOMBRE_DIFUSO,"Tokens de nombre contenidos ('CLAUDIO ANDRES ORTIZ' <-> 'Claudio Andres Ortiz Lopes'), emails: dvivasv@gmail.com vs claudioandresortizlopez@gmail.com",6772,,CLAUDIO ANDRES ORTIZ,+573000001381,dvivasv@gmail.com,0,3,8956,3564,Claudio Andres Ortiz Lopes,+573155743105,claudioandresortizlopez@gmail.com,Estándar 65k (2 citas),Bogotá,32,SI_EMAIL_CORRIDO_TABLA2,,
173,NIVEL_4_SUBCONJUNTO_NOMBRE_DIFUSO,"Tokens de nombre contenidos ('MARCELA PATIÑO' <-> 'Marcela Patiño Rojas'), emails: vacío vs marcela.p.rojas16@gmail.com",6783,,MARCELA PATIÑO,+573000001392,,0,4,9157,3812,Marcela Patiño Rojas,+573057136086,marcela.p.rojas16@gmail.com,Estándar 65k (2 citas),Bogotá,37,SI_EMAIL_CORRIDO_TABLA2,,
174,NIVEL_4_SUBCONJUNTO_NOMBRE_DIFUSO,"Tokens de nombre contenidos ('ALEJANDRO ROJAS PATIÑO' <-> 'Alejandro Rojas'), emails: luisboyano8@gmail.com vs alejandrojasp91@gmail.com",6785,,ALEJANDRO ROJAS PATIÑO,+573000001394,luisboyano8@gmail.com,0,1,9196,3852,Alejandro Rojas,+573102999914,alejandrojasp91@gmail.com,98k (2 DATES),Bogotá,34,SI_EMAIL_CORRIDO_TABLA2,,
175,NIVEL_4_SUBCONJUNTO_NOMBRE_DIFUSO,"Tokens de nombre contenidos ('JUAN PABLO PERDOMO' <-> 'Juan Pablo Perdomo Rodriguez'), emails: alejandrachavez29@gmail.com vs juan.perdomo.r@gmail.com",6801,,JUAN PABLO PERDOMO,+573000001410,alejandrachavez29@gmail.com,0,4,9185,3841,Juan Pablo Perdomo Rodriguez,+16107097309,juan.perdomo.r@gmail.com,Estándar 65k (2 citas),Miami,41,SI_EMAIL_CORRIDO_TABLA2,,
176,NIVEL_4_SUBCONJUNTO_NOMBRE_DIFUSO,"Tokens de nombre contenidos ('Jose Andrés Moreno López VIP' <-> 'Jose Andres Moreno Lopez'), emails: vacío vs joseandres.moreno30@gmail.com",6970,,Jose Andrés Moreno López VIP,+573000001579,,0,2,13013,2217,Jose Andres Moreno Lopez,+573005702312,joseandres.moreno30@gmail.com,150k,Bogotá,43,SI_EMAIL_CORRIDO_TABLA2,,
177,NIVEL_4_SUBCONJUNTO_NOMBRE_DIFUSO,"Tokens de nombre contenidos ('Pilar Guarnizo VIP' <-> 'Pilar guarnizo'), emails: vacío vs suarezg.maria@uces.edu.co",6985,,Pilar Guarnizo VIP,+573000001594,,0,1,6324,,Pilar guarnizo,+573000000933,suarezg.maria@uces.edu.co,150k,Bogotá,51,SI_EMAIL_CORRIDO_TABLA2,,
178,NIVEL_4_SUBCONJUNTO_NOMBRE_DIFUSO,"Tokens de nombre contenidos ('Johanna Moreno. 2 dates' <-> 'Johanna Moreno'), emails: vacío vs johha25@hotmail.com",6987,,Johanna Moreno. 2 dates,+573000001596,,0,2,8491,2338,Johanna Moreno,+573143009241,johha25@hotmail.com,Estándar 65k (2 citas),Bogotá,45,SI_EMAIL_CORRIDO_TABLA2,,
179,NIVEL_4_SUBCONJUNTO_NOMBRE_DIFUSO,"Tokens de nombre contenidos ('Camilo López VIP' <-> 'Camilo Lopez'), emails: vacío vs camilolopez17@outlook.com",7048,,Camilo López VIP,+573000001657,,0,2,11301,2553,Camilo Lopez,+573164935201,camilolopez17@outlook.com,195k,Bogotá,29,SI_EMAIL_CORRIDO_TABLA2,,
180,NIVEL_4_SUBCONJUNTO_NOMBRE_DIFUSO,"Tokens de nombre contenidos ('Carlos Andres Ramirez' <-> 'Carlos Andres Ramirez Hamón'), emails: jupem12@gmail.com vs andresramirez_07@hotmail.es",7165,,Carlos Andres Ramirez,+573000001774,jupem12@gmail.com,0,1,8104,856,Carlos Andres Ramirez Hamón,+573153269484,andresramirez_07@hotmail.es,"Plan Especial - $60,000 COP",Bogotá,31,SI_EMAIL_CORRIDO_TABLA2,,
181,NIVEL_4_SUBCONJUNTO_NOMBRE_DIFUSO,"Tokens de nombre contenidos ('Daniel Moreno' <-> 'Daniel Moreno Agudelo'), emails: vacío vs daniel.moreno@sabio.com.co",7196,,Daniel Moreno,+573000001805,,0,2,6074,,Daniel Moreno Agudelo,+573000000683,daniel.moreno@sabio.com.co,Estándar 65k (2 citas),Medellín,32,SI_EMAIL_CORRIDO_TABLA2,,
182,NIVEL_4_SUBCONJUNTO_NOMBRE_DIFUSO,"Tokens de nombre contenidos ('Felipe Bautista' <-> 'Felipe Bautista Forero'), emails: vacío vs jfelipe.bforero@gmail.com",7222,,Felipe Bautista,+573000001831,,0,4,6015,3194,Felipe Bautista Forero,+573204415277,jfelipe.bforero@gmail.com,VIP 195k,Bogotá,30,SI_EMAIL_CORRIDO_TABLA2,,
183,NIVEL_4_SUBCONJUNTO_NOMBRE_DIFUSO,"Tokens de nombre contenidos ('Maria Lucia Mendoza' <-> 'Maria Lucia Mendoza Gomez'), emails: vacío vs marialu.mendoza@urosario.edu.co",7256,,Maria Lucia Mendoza,+573000001865,,0,4,8244,1432,Maria Lucia Mendoza Gomez,+573183112441,marialu.mendoza@urosario.edu.co,Estándar 65k (2 citas),Bogotá,20,SI_EMAIL_CORRIDO_TABLA2,,
184,NIVEL_4_SUBCONJUNTO_NOMBRE_DIFUSO,"Tokens de nombre contenidos ('Maria Angelica Navarro' <-> 'Maria Angelica Navarro sajonero'), emails: erikagipa@gmail.com vs sajoneromariaa@gmail.com",7302,,Maria Angelica Navarro,+573000001911,erikagipa@gmail.com,0,1,8251,1455,Maria Angelica Navarro sajonero,+573118294563,sajoneromariaa@gmail.com,40k,Medellín,29,SI_EMAIL_CORRIDO_TABLA2,,
185,NIVEL_4_SUBCONJUNTO_NOMBRE_DIFUSO,"Tokens de nombre contenidos ('Daniela Castellanos' <-> 'Daniela Castellanos Moreno'), emails: lore07olaya@gmail.com vs daniku_2008@hotmail.com",7323,,Daniela Castellanos,+573000001932,lore07olaya@gmail.com,0,7,8316,1705,Daniela Castellanos Moreno,+573024598061,daniku_2008@hotmail.com,"Plan Especial - $60,000 COP",Bogotá,31,SI_EMAIL_CORRIDO_TABLA2,,
186,NIVEL_4_SUBCONJUNTO_NOMBRE_DIFUSO,"Tokens de nombre contenidos ('Juana Vasquez' <-> 'Juana Vasquez Florez'), emails: david.richardsrb@gmail.com vs juanis7799@hotmail.com",7338,,Juana Vasquez,+573000001947,david.richardsrb@gmail.com,0,1,8314,1703,Juana Vasquez Florez,+573128621393,juanis7799@hotmail.com,40k,Cali,26,SI_EMAIL_CORRIDO_TABLA2,,
187,NIVEL_4_SUBCONJUNTO_NOMBRE_DIFUSO,"Tokens de nombre contenidos ('Maria Paula Perdomo' <-> 'Maria Paula Perdomo Giraldo'), emails: vacío vs mariapaulaperdomo24@gmail.com",7354,,Maria Paula Perdomo,+573000001963,,0,2,8313,1700,Maria Paula Perdomo Giraldo,+573177880237,mariapaulaperdomo24@gmail.com,Estándar 65k (2 citas),Cali,30,SI_EMAIL_CORRIDO_TABLA2,,
188,NIVEL_4_SUBCONJUNTO_NOMBRE_DIFUSO,"Tokens de nombre contenidos ('Sandra Ortiz' <-> 'Sandra Ortiz Barragan'), emails: jsvelasquez1994@gmail.com vs sandra.ortiz@sob.com.co",7361,,Sandra Ortiz,+573000001970,jsvelasquez1994@gmail.com,0,2,12908,1958,Sandra Ortiz Barragan,+573164666490,sandra.ortiz@sob.com.co,65k (2 dates),Bogotá,43,SI_EMAIL_CORRIDO_TABLA2,,
189,NIVEL_4_SUBCONJUNTO_NOMBRE_DIFUSO,"Tokens de nombre contenidos ('Andres Vasquez' <-> 'Andres Vasquez Ramirez'), emails: andreacastiblanco@gmc.edu.co vs andresvasquezr@gmail.com",7389,,Andres Vasquez,+573000001998,andreacastiblanco@gmc.edu.co,0,2,8361,1834,Andres Vasquez Ramirez,+573182841145,andresvasquezr@gmail.com,"Plan Especial - $90,000 COP",Pereira,47,SI_EMAIL_CORRIDO_TABLA2,,
190,NIVEL_4_SUBCONJUNTO_NOMBRE_DIFUSO,"Tokens de nombre contenidos ('Manuela Laverde' <-> 'Manuela Laverde Zuleta'), emails: natha.0227@gmail.com vs manulaverde@gmail.com",7415,,Manuela Laverde,+573000002024,natha.0227@gmail.com,0,1,8513,2435,Manuela Laverde Zuleta,+573114109644,manulaverde@gmail.com,65k (1 date),Medellín,30,SI_EMAIL_CORRIDO_TABLA2,,
191,NIVEL_4_SUBCONJUNTO_NOMBRE_DIFUSO,"Tokens de nombre contenidos ('Harlen Giraldo' <-> 'Harlen Giraldo ortega'), emails: ariassergio990203@hotmail.com vs harlengiraldo@gmail.com",7416,,Harlen Giraldo,+573000002025,ariassergio990203@hotmail.com,0,3,8515,2439,Harlen Giraldo ortega,+573052597643,harlengiraldo@gmail.com,Estándar 65k (2 citas),Medellín,29,SI_EMAIL_CORRIDO_TABLA2,,
192,NIVEL_4_SUBCONJUNTO_NOMBRE_DIFUSO,"Tokens de nombre contenidos ('Lilia Carolina Davila' <-> 'Lilia Carolina Davila asprilla'), emails: stephanyg92@hotmail.com vs liliacarolai@gmail.com",7441,,Lilia Carolina Davila,+573000002050,stephanyg92@hotmail.com,0,2,8679,2738,Lilia Carolina Davila asprilla,+573207196729,liliacarolai@gmail.com,Estándar 65k (2 citas),Medellín,40,SI_EMAIL_CORRIDO_TABLA2,,
193,NIVEL_4_SUBCONJUNTO_NOMBRE_DIFUSO,"Tokens de nombre contenidos ('Beatriz Eugenia Uribe' <-> 'Beatriz Eugenia Uribe Pacheco'), emails: eagf06@hotmail.com vs beuribe3@hotmail.com",7485,,Beatriz Eugenia Uribe,+573000002094,eagf06@hotmail.com,0,1,8775,3077,Beatriz Eugenia Uribe Pacheco,+573005589199,beuribe3@hotmail.com,195k,Bogotá,74,SI_EMAIL_CORRIDO_TABLA2,,
194,NIVEL_4_SUBCONJUNTO_NOMBRE_DIFUSO,"Tokens de nombre contenidos ('Jaim Santiago Acosta' <-> 'Jaim Santiago Acosta Rodriguez'), emails: davidplata53@gmail.com vs acosta.jaim19@gmail.com",7509,,Jaim Santiago Acosta,+573000002118,davidplata53@gmail.com,0,3,8797,3163,Jaim Santiago Acosta Rodriguez,+573107516003,acosta.jaim19@gmail.com,195k,Bogotá,28,SI_EMAIL_CORRIDO_TABLA2,,
195,NIVEL_4_SUBCONJUNTO_NOMBRE_DIFUSO,"Tokens de nombre contenidos ('Jorge Luis Gomez' <-> 'Jorge Luis Gomez Cangrejo'), emails: hjantolinez.us@gmail.com vs jorgegomezdg@gmail.com",7519,,Jorge Luis Gomez,+573000002128,hjantolinez.us@gmail.com,0,1,8800,3173,Jorge Luis Gomez Cangrejo,+573057126573,jorgegomezdg@gmail.com,Estándar 65k (2 citas),Bogotá,39,SI_EMAIL_CORRIDO_TABLA2,,
196,NIVEL_4_SUBCONJUNTO_NOMBRE_DIFUSO,"Tokens de nombre contenidos ('Maria Fernanda Rincon' <-> 'Maria Fernanda'), emails: catalinacamachomunoz@gmail.com vs lizzarredondo2@gmail.com",7520,,Maria Fernanda Rincon,+573000002129,catalinacamachomunoz@gmail.com,0,2,7034,1643,Maria Fernanda,+573000001643,lizzarredondo2@gmail.com,VIP,Bogotá,36,SI_EMAIL_CORRIDO_TABLA2,,
197,NIVEL_4_SUBCONJUNTO_NOMBRE_DIFUSO,"Tokens de nombre contenidos ('Katherine Rosero' <-> 'Katherine Rosero Arcila'), emails: vacío vs krosero26@gmail.com",7594,,Katherine Rosero,+573000002203,,0,1,8814,3237,Katherine Rosero Arcila,+573173050919,krosero26@gmail.com,195k,Bogotá,49,SI_EMAIL_CORRIDO_TABLA2,,
198,NIVEL_4_SUBCONJUNTO_NOMBRE_DIFUSO,"Tokens de nombre contenidos ('Maria Camila Hernandez' <-> 'Maria Camila Hernandez Martinez'), emails: vacío vs maca34830@gmail.com",7614,,Maria Camila Hernandez,+573000002223,,0,2,8434,2100,Maria Camila Hernandez Martinez,+573214689320,maca34830@gmail.com,65k (2 dates),Bogotá,23,SI_EMAIL_CORRIDO_TABLA2,,
199,NIVEL_4_SUBCONJUNTO_NOMBRE_DIFUSO,"Tokens de nombre contenidos ('Laura Natalia Cruz' <-> 'Laura Natalia Cruz Gonzalez'), emails: vacío vs lacruz@uan.edu.co",7745,,Laura Natalia Cruz,+573000002354,,0,1,8944,3531,Laura Natalia Cruz Gonzalez,+573167958033,lacruz@uan.edu.co,Estándar 65k (2 citas),Bogotá,31,SI_EMAIL_CORRIDO_TABLA2,,
200,NIVEL_4_SUBCONJUNTO_NOMBRE_DIFUSO,"Tokens de nombre contenidos ('Ricardo Cuervo' <-> 'Ricardo Cuervo Arevalo'), emails: vacío vs ricuervoar@unal.edu.co",7767,,Ricardo Cuervo,+573000002376,,0,1,8953,3559,Ricardo Cuervo Arevalo,+573173748390,ricuervoar@unal.edu.co,98k (2 DATES),Bogotá,32,SI_EMAIL_CORRIDO_TABLA2,,
201,NIVEL_4_SUBCONJUNTO_NOMBRE_DIFUSO,"Tokens de nombre contenidos ('santiago acuña' <-> 'Santiago Acuña Reyes'), emails: vacío vs jsar8411@gmail.com",7788,,santiago acuña,+573000002397,,0,4,8949,3544,Santiago Acuña Reyes,+573195385702,jsar8411@gmail.com,Estándar 65k (2 citas),Bogotá,25,SI_EMAIL_CORRIDO_TABLA2,,
202,NIVEL_4_SUBCONJUNTO_NOMBRE_DIFUSO,"Tokens de nombre contenidos ('Johanna maricela lopez' <-> 'Johanna Maricela Lopez Velandia'), emails: vacío vs johannamaricela@gmail.com",7789,,Johanna maricela lopez,+573000002398,,0,3,8970,3584,Johanna Maricela Lopez Velandia,+573008121201,johannamaricela@gmail.com,Estándar 65k (2 citas),Bogotá,39,SI_EMAIL_CORRIDO_TABLA2,,
203,NIVEL_4_SUBCONJUNTO_NOMBRE_DIFUSO,"Tokens de nombre contenidos ('Andres Felipe Rodriguez Coronado' <-> 'Andres Rodriguez'), emails: andresferodriguez@gmail.com vs andresyrg16@gmail.com",7885,282,Andres Felipe Rodriguez Coronado,+573163065791,andresferodriguez@gmail.com,0,1,5807,,Andres Rodriguez,+573000000416,andresyrg16@gmail.com,65k (2 dates),Santa Marta,23,NO,,
204,NIVEL_4_SUBCONJUNTO_NOMBRE_DIFUSO,"Tokens de nombre contenidos ('David Sogamoso' <-> 'David Alejandro Sogamoso'), emails: soycocinero@hotmail.com vs vacío",7913,340,David Sogamoso,+573202011166,soycocinero@hotmail.com,0,1,9986,207,David Alejandro Sogamoso,+57300000207,,Estándar 65k (2 citas),Bogotá,29,NO,,
205,NIVEL_4_SUBCONJUNTO_NOMBRE_DIFUSO,"Tokens de nombre contenidos ('Andrés Felipe Ceballos Rodríguez' <-> 'Andres Rodriguez'), emails: capi.afcr@gmail.com vs andresyrg16@gmail.com",7917,345,Andrés Felipe Ceballos Rodríguez,+573165766065,capi.afcr@gmail.com,0,1,5807,,Andres Rodriguez,+573000000416,andresyrg16@gmail.com,65k (2 dates),Santa Marta,23,NO,,
206,NIVEL_4_SUBCONJUNTO_NOMBRE_DIFUSO,"Tokens de nombre contenidos ('Stephanny Avendaño Peña' <-> 'Stephanny Avendaño'), emails: stephannyp17@gmail.com vs vacío",7939,383,Stephanny Avendaño Peña,+573118139317,stephannyp17@gmail.com,0,1,9958,174,Stephanny Avendaño,3118136317,,Estándar 65k (2 citas),Bogotá,24,NO,,
207,NIVEL_4_SUBCONJUNTO_NOMBRE_DIFUSO,"Tokens de nombre contenidos ('Paula Alvarez' <-> 'Paula Andrea Alvarez'), emails: paua680@gmail.com vs vacío",8026,643,Paula Alvarez,+573158345637,paua680@gmail.com,0,1,12420,810,Paula Andrea Alvarez,+57300000810,,Estándar 65k (2 citas),Bogotá,23,NO,,
208,NIVEL_4_SUBCONJUNTO_NOMBRE_DIFUSO,"Tokens de nombre contenidos ('JUAN SEBASTIAN URREGO (VIP)' <-> 'Juan Sebastian'), emails: vacío vs vacío",9278,,JUAN SEBASTIAN URREGO (VIP),GEN_1289_1787067790,,0,4,9923,135,Juan Sebastian,+13138823273,,Estándar 65k (2 citas),Bogotá,26,NO,,
209,NIVEL_4_SUBCONJUNTO_NOMBRE_DIFUSO,"Tokens de nombre contenidos ('Alexander Rodríguez. 10/07' <-> 'Alexander Rodriguez'), emails: vacío vs arodriguezcas@gmail.com",9290,,Alexander Rodríguez. 10/07,GEN_2566_1787067792,,0,1,8810,3214,Alexander Rodriguez,+573223676116,arodriguezcas@gmail.com,Estándar 65k (2 citas),Bogotá,51,NO,,
210,NIVEL_4_SUBCONJUNTO_NOMBRE_DIFUSO,"Tokens de nombre contenidos ('Jeison Moreno. 10/07' <-> 'Jeison Moreno'), emails: vacío vs jeisonmmoreno2412@gmail.com",9291,,Jeison Moreno. 10/07,GEN_2567_1787067792,,0,1,8857,3348,Jeison Moreno,+573116672721,jeisonmmoreno2412@gmail.com,Estándar 65k (2 citas),Bogotá,25,NO,,
211,NIVEL_4_SUBCONJUNTO_NOMBRE_DIFUSO,"Tokens de nombre contenidos ('Claudia ines garcia' <-> 'Claudia ines García alvarez'), emails: vacío vs ciga11@hotmail.com",9295,,Claudia ines garcia,GEN_2580_1787067792,,0,5,9014,3647,Claudia ines García alvarez,+573147758650,ciga11@hotmail.com,Estándar 65k (2 citas),Barranquilla,51,NO,,
212,NIVEL_4_SUBCONJUNTO_NOMBRE_DIFUSO,"Tokens de nombre contenidos ('Heidy Carolina torres' <-> 'Heidy Carolina Torres Hernández'), emails: vacío vs heidyk1@hotmail.com",9303,,Heidy Carolina torres,GEN_2612_1787067792,,0,1,9128,3783,Heidy Carolina Torres Hernández,+573226834167,heidyk1@hotmail.com,65k (1 date),Bogotá,38,NO,,
213,NIVEL_4_SUBCONJUNTO_NOMBRE_DIFUSO,"Tokens de nombre contenidos ('Marcela Patiño' <-> 'Marcela Patiño Rojas'), emails: vacío vs marcela.p.rojas16@gmail.com",9315,,Marcela Patiño,GEN_2651_1787067792,,0,2,9157,3812,Marcela Patiño Rojas,+573057136086,marcela.p.rojas16@gmail.com,Estándar 65k (2 citas),Bogotá,37,NO,,
214,NIVEL_4_SUBCONJUNTO_NOMBRE_DIFUSO,"Tokens de nombre contenidos ('Lina Marcela Castro' <-> 'Lina Castro'), emails: vacío vs marce2341@hotmail.com",14332,217,Lina Marcela Castro,GEN_9739c549c802,,0,1,7943,394,Lina Castro,+573142531430,marce2341@hotmail.com,Estándar 65k (2 citas),Bogotá,33,NO,,
215,NIVEL_4_SUBCONJUNTO_NOMBRE_DIFUSO,"Tokens de nombre contenidos ('Paula Agamez' <-> 'Paula Andrea Agamez Paez'), emails: vacío vs melissafr1213@gmail.com",14362,,Paula Agamez,GEN_d83c2e8532ac,,0,3,8191,1170,Paula Andrea Agamez Paez,+573007910087,melissafr1213@gmail.com,65k (2 dates),Bogotá,29,NO,,
216,NIVEL_4_SUBCONJUNTO_NOMBRE_DIFUSO,"Tokens de nombre contenidos ('Anthony Molina' <-> 'Anthony Herney Molina Gamboa'), emails: vacío vs anthony.molina@gmail.com",14365,,Anthony Molina,GEN_27546107016f,,0,5,8270,1547,Anthony Herney Molina Gamboa,+573003610025,anthony.molina@gmail.com,Estándar 65k (2 citas),Bogotá,41,NO,,
217,NIVEL_4_SUBCONJUNTO_NOMBRE_DIFUSO,"Tokens de nombre contenidos ('Andrés Felipe Ortiz' <-> 'Andres Ortiz'), emails: vacío vs andres.ortiz@finkargo.com",14367,,Andrés Felipe Ortiz,GEN_fd00df64c76c,,0,6,7839,1670,Andres Ortiz,+573183123679,andres.ortiz@finkargo.com,VIP 195k (5 citas),Bogotá,38,NO,,
218,NIVEL_4_SUBCONJUNTO_NOMBRE_DIFUSO,"Tokens de nombre contenidos ('Riquelver Cruz' <-> 'Riquelver Cruz Perez'), emails: vacío vs riquelvercruz0511@hotmail.com",14372,,Riquelver Cruz,GEN_ee4be7fc3a52,,0,1,7840,1866,Riquelver Cruz Perez,+573045343293,riquelvercruz0511@hotmail.com,40k,Bogotá,33,NO,,
219,NIVEL_4_SUBCONJUNTO_NOMBRE_DIFUSO,"Tokens de nombre contenidos ('Angela Arango Jaramillo' <-> 'Angela Maria Arango Jaramillo'), emails: vacío vs aarangoj@gmail.com",14376,,Angela Arango Jaramillo,GEN_8a4bba14f2bf,,0,1,8405,2018,Angela Maria Arango Jaramillo,+573054402145,aarangoj@gmail.com,Estándar 65k (2 citas),Pereira,53,NO,,
220,NIVEL_4_SUBCONJUNTO_NOMBRE_DIFUSO,"Tokens de nombre contenidos ('Ana María Sarrazola VIP' <-> 'Ana Maria Sarrazola'), emails: vacío vs anamariasarrazola@gmail.com",14378,,Ana María Sarrazola VIP,GEN_2688e0ad4df0,,0,2,9523,2148,Ana Maria Sarrazola,+573113725721,anamariasarrazola@gmail.com,Estándar 65k (2 citas),Medellín,37,NO,,
221,NIVEL_4_SUBCONJUNTO_NOMBRE_DIFUSO,"Tokens de nombre contenidos ('Marco Supelano VIP' <-> 'MARCO SUPELANO'), emails: vacío vs markosupelano@gmail.com",14382,,Marco Supelano VIP,GEN_340bbd0f50ed,,0,2,9524,2192,MARCO SUPELANO,+573017844979,markosupelano@gmail.com,"Plan Especial - $100,000 COP",Bogotá,40,NO,,
222,NIVEL_4_SUBCONJUNTO_NOMBRE_DIFUSO,"Tokens de nombre contenidos ('Katherine Parra Acosta. VIP' <-> 'Katherine Parra Acosta'), emails: vacío vs kathe-p2011@hotmail.com",14385,,Katherine Parra Acosta. VIP,GEN_08cc868da08b,,0,1,8482,2269,Katherine Parra Acosta,+573059049307,kathe-p2011@hotmail.com,VIP 195k (5 citas),Bogotá,38,NO,,
223,NIVEL_4_SUBCONJUNTO_NOMBRE_DIFUSO,"Tokens de nombre contenidos ('Sara Eva Acosta' <-> 'Sara Eva Acosta Giandomenico'), emails: vacío vs saraevacostag@gmail.com",14391,,Sara Eva Acosta,GEN_a81218efc8fc,,0,2,8342,1758,Sara Eva Acosta Giandomenico,+573006614341,saraevacostag@gmail.com,40k,Bogotá,35,NO,,
224,NIVEL_4_SUBCONJUNTO_NOMBRE_DIFUSO,"Tokens de nombre contenidos ('Sebastian Briñez' <-> 'Sebastian Briñez Correa'), emails: vacío vs sebastianbrinezc@gmail.com",14395,,Sebastian Briñez,GEN_cbc3435f04fa,,0,9,8763,3041,Sebastian Briñez Correa,+573142360149,sebastianbrinezc@gmail.com,"Plan Especial - $60,000 COP",Bogotá,31,NO,,
225,NIVEL_4_SUBCONJUNTO_NOMBRE_DIFUSO,"Tokens de nombre contenidos ('edinson ordonez' <-> 'Edinson Ordoñez Parra'), emails: vacío vs ne.ok2@hotmail.com",14397,,edinson ordonez,GEN_3cb328c92014,,0,3,8702,2812,Edinson Ordoñez Parra,+573045566938,ne.ok2@hotmail.com,Estándar 65k (2 citas),Bogotá,32,NO,,
226,NIVEL_4_SUBCONJUNTO_NOMBRE_DIFUSO,"Tokens de nombre contenidos ('Maria Alejandra Angulo' <-> 'Maria Alejandra'), emails: vacío vs vacío",14402,,Maria Alejandra Angulo,GEN_415991d130f4,,0,5,9987,209,Maria Alejandra,321264905,,Estándar 65k (2 citas),Bogotá,27,NO,,
227,NIVEL_4_SUBCONJUNTO_NOMBRE_DIFUSO,"Tokens de nombre contenidos ('Valentina Rodriguez' <-> 'Valentina Rodriguez Perez'), emails: vale.medina2510@gmail.com vs pablo.c93@hotmail.com",14597,788,Valentina Rodriguez,GEN_6ce67deab8db,vale.medina2510@gmail.com,0,2,6130,,Valentina Rodriguez Perez,+573000000739,pablo.c93@hotmail.com,Estándar 65k (2 citas),Bogotá,24,NO,,
228,NIVEL_4_SUBCONJUNTO_NOMBRE_DIFUSO,"Tokens de nombre contenidos ('Pablo Alocen' <-> 'Pablo Christian Alocen Oblitas'), emails: jpa_16@outlook.com vs alocenp@gmail.com",15217,,Pablo Alocen,GEN_bc765f771365,jpa_16@outlook.com,0,2,8410,2028,Pablo Christian Alocen Oblitas,+12036767574,alocenp@gmail.com,Estándar 65k (2 citas),Miami,39,NO,,
229,NIVEL_2_EMAIL_EXACTO_TARJETAHABIENTE_O_TERCERO_REVISAR,"Mismo email exacto (camilojoselopezamaya7@gmail.com), pero nombre distinto en Stripe/CRM (A='DESCALIFICADO' vs B='Camilo Lopez') — posible tarjetahabiente, razón social o pareja",9281,,DESCALIFICADO,GEN_1791_1787067791,camilojoselopezamaya7@gmail.com,1,1,13556,3706,Camilo Lopez,+573115575487,camilojoselopezamaya7@gmail.com,195k,Bogotá,29,NO,,
230,NIVEL_4_HOMONIMO_O_EMAIL_DISTINTO_REVISAR,Nombre de 2 palabras igual ('Lucy Garzón') pero emails distintos (nahuelopez8@gmail.com vs louming06@gmail.com) — posible homónimo o segundo correo,5427,,Lucy Garzón,+573000000042,nahuelopez8@gmail.com,0,3,5429,,Lucy Garzon,+573000000044,louming06@gmail.com,Estándar 65k (2 citas),Bogotá,49,SI_EMAIL_CORRIDO_TABLA2,,
231,NIVEL_4_HOMONIMO_O_EMAIL_DISTINTO_REVISAR,Nombre de 2 palabras igual ('Daniela Ordoñez') pero emails distintos (d.ordonezr93@gmail.com vs danielao_308@hotmail.com) — posible homónimo o segundo correo,7973,507,Daniela Ordoñez,+573150720250,d.ordonezr93@gmail.com,0,5,13659,4178,Daniela Ordoñez,+573239301428,danielao_308@hotmail.com,150k,Bogotá,27,NO,,
232,NIVEL_4_SIMILITUD_NOMBRE_DIFUSO,"Similitud ortográfica 98% ('Leonardo Antonio Catañeda Celis' <-> 'Leonardo Antonio Castañeda Celis'), emails: vacío vs leonardocastaneda@gmail.com",9319,,Leonardo Antonio Catañeda Celis,GEN_2667_1787067792,,0,1,9232,3889,Leonardo Antonio Castañeda Celis,+573002667122,leonardocastaneda@gmail.com,VIP 195k (5 citas),Bogotá,48,NO,,
233,NIVEL_4_SUBCONJUNTO_NOMBRE_DIFUSO,"Tokens de nombre contenidos ('María Paula Arévalo' <-> 'Maria Paula Arevalo 28'), emails: afhm1999@hotmail.com vs mp.arevalo18@gmail.com",5471,,María Paula Arévalo,+573000000082,afhm1999@hotmail.com,0,2,8016,613,Maria Paula Arevalo 28,+573124970566,mp.arevalo18@gmail.com,Estándar 65k (2 citas),Bogotá,28,SI_EMAIL_CORRIDO_TABLA2,,
234,NIVEL_4_SUBCONJUNTO_NOMBRE_DIFUSO,"Tokens de nombre contenidos ('Alejandro Castro' <-> 'Alejandro Castro Martinez'), emails: vacío vs akamiz.1996@gmail.com",5870,,Alejandro Castro,+573000000479,,0,1,8843,3303,Alejandro Castro Martinez,+573102498720,akamiz.1996@gmail.com,65k (2 dates),Bogot?,30,SI_EMAIL_CORRIDO_TABLA2,,
235,NIVEL_4_SUBCONJUNTO_NOMBRE_DIFUSO,"Tokens de nombre contenidos ('Diego Armando Rincón' <-> 'Diego armando Rincon arenas'), emails: l.morales.guzmanb@gmail.com vs diegodara90@gmail.com",7335,,Diego Armando Rincón,+573000001944,l.morales.guzmanb@gmail.com,0,1,8860,3353,Diego armando Rincon arenas,+573162692142,diegodara90@gmail.com,Estándar 65k (2 citas),"Madrid, Cundinamarca",36,SI_EMAIL_CORRIDO_TABLA2,,
236,NIVEL_4_SUBCONJUNTO_NOMBRE_DIFUSO,"Tokens de nombre contenidos ('Natalia Sierra Cifuentes' <-> 'Natalia Sierra'), emails: vacío vs natasierra48@gmail.com",7602,,Natalia Sierra Cifuentes,+573000002211,,0,1,8207,1262,Natalia Sierra,+573118188046,natasierra48@gmail.com,Estándar 65k (2 citas),Bogotá,34,SI_EMAIL_CORRIDO_TABLA2,,
237,NIVEL_4_SUBCONJUNTO_NOMBRE_DIFUSO,"Tokens de nombre contenidos ('Juan Sebastian Alzate' <-> 'Juan Sebastian Alzate Zuluaga'), emails: vacío vs juan.azgr14@gmail.com",7772,,Juan Sebastian Alzate,+573000002381,,0,1,8957,3566,Juan Sebastian Alzate Zuluaga,+573168766013,juan.azgr14@gmail.com,195k,Medellín,22,SI_EMAIL_CORRIDO_TABLA2,,
238,NIVEL_4_SUBCONJUNTO_NOMBRE_DIFUSO,"Tokens de nombre contenidos ('Claudio Andres Ortiz' <-> 'Claudio Andres Ortiz Lopes'), emails: vacío vs claudioandresortizlopez@gmail.com",9308,,Claudio Andres Ortiz,GEN_2625_1787067792,,0,1,8956,3564,Claudio Andres Ortiz Lopes,+573155743105,claudioandresortizlopez@gmail.com,Estándar 65k (2 citas),Bogotá,32,NO,,
239,NIVEL_3_NOMBRE_COMPLETO_3_TOKENS_DISTINTO_EMAIL,"Nombre completo de 3 palabras idéntico ('Felipe Mendez Ibarguen'), pero emails distintos (pablo.albornet@gmail.com vs felipemendezibar@gmail.com)",5569,,Felipe Mendez Ibarguen,+573000000179,pablo.albornet@gmail.com,0,2,9551,2972,Felipe Mendez Ibargüen,+573187943027,felipemendezibar@gmail.com,Estándar 65k (2 citas),Bogotá,26,SI_EMAIL_CORRIDO_TABLA2,,
240,NIVEL_3_NOMBRE_COMPLETO_3_TOKENS_DISTINTO_EMAIL,"Nombre completo de 4 palabras idéntico ('María José Quiroga Gómez'), pero emails distintos (mariajose.quiroga@dailylover.com vs majoquigo.94@gmail.com)",9826,,María José Quiroga Gómez,+573000004134,mariajose.quiroga@dailylover.com,0,1,13609,4134,María José Quiroga Gómez,+573176945021,majoquigo.94@gmail.com,VIP 195k,Bucaramanga,32,SI_EMAIL_CORRIDO_TABLA2,,
241,NIVEL_4_SIMILITUD_NOMBRE_DIFUSO,"Similitud ortográfica 90% ('Felipe Valencia Ramirez' <-> 'Juan Felipe Valencia Ramirez'), emails: emilio8a99@gmail.com vs juanfelipevr@gmail.com",5866,,Felipe Valencia Ramirez,+573000000475,emilio8a99@gmail.com,0,1,8780,3095,Juan Felipe Valencia Ramirez,+573218124780,juanfelipevr@gmail.com,Estándar 65k (2 citas),Bogotá,33,SI_EMAIL_CORRIDO_TABLA2,,
242,NIVEL_4_SIMILITUD_NOMBRE_DIFUSO,"Similitud ortográfica 97% ('Emanuel Garcia' <-> 'Emmanuel Garcia'), emails: vacío vs emmanuelegarcia@gmail.com",5880,,Emanuel Garcia,+573000000489,,0,1,8872,3387,Emmanuel Garcia,+573025954009,emmanuelegarcia@gmail.com,98k (2 DATES),Bogotá,47,SI_EMAIL_CORRIDO_TABLA2,,
243,NIVEL_4_SIMILITUD_NOMBRE_DIFUSO,"Similitud ortográfica 97% ('Isabella Guzman' <-> 'Isabela Guzman'), emails: vacío vs isabela.guzmanr25@gmail.com",5888,,Isabella Guzman,+573000000497,,0,1,8943,3529,Isabela Guzman,+573153999558,isabela.guzmanr25@gmail.com,65k (1 date),Cali,26,SI_EMAIL_CORRIDO_TABLA2,,
244,NIVEL_4_SIMILITUD_NOMBRE_DIFUSO,"Similitud ortográfica 96% ('Isabela Lopez' <-> 'Isabella Lopez'), emails: vacío vs marisalop64@gmail.com",5899,,Isabela Lopez,+573000000508,,0,1,8947,3541,Isabella Lopez,+573016560132,marisalop64@gmail.com,Plan Especial - $32 USD,Bogotá,26,SI_EMAIL_CORRIDO_TABLA2,,
245,NIVEL_4_SIMILITUD_NOMBRE_DIFUSO,"Similitud ortográfica 94% ('Juan Pablo flores' <-> 'Juan Pablo Florez'), emails: grupointuria@gmail.com vs jupaflo87@gmail.com",6107,,Juan Pablo flores,+573000000716,grupointuria@gmail.com,0,1,12655,1340,Juan Pablo Florez,+573217796294,jupaflo87@gmail.com,Estándar 65k (2 citas),Medellín,38,SI_EMAIL_CORRIDO_TABLA2,,
246,NIVEL_4_SIMILITUD_NOMBRE_DIFUSO,"Similitud ortográfica 97% ('Stephanie Molnphy' <-> 'Stephanie Molanphy'), emails: l.angiesilva0@gmail.com vs stemol05@gmail.com",6117,,Stephanie Molnphy,+573000000726,l.angiesilva0@gmail.com,0,2,8256,1501,Stephanie Molanphy,+573105780671,stemol05@gmail.com,Estándar 65k (2 citas),Bogotá,22,SI_EMAIL_CORRIDO_TABLA2,,
247,NIVEL_4_SIMILITUD_NOMBRE_DIFUSO,"Similitud ortográfica 95% ('Andres dlELcastillo' <-> 'Andres Del Castillo'), emails: vacío vs adelcastilloj99@gmail.com",6133,,Andres dlELcastillo,+573000000742,,0,1,9404,851,Andres Del Castillo,+573205309983,adelcastilloj99@gmail.com,Estándar 65k (2 citas),Bogotá,27,SI_EMAIL_CORRIDO_TABLA2,,
248,NIVEL_4_SIMILITUD_NOMBRE_DIFUSO,"Similitud ortográfica 96% ('Maria Paula Baron Sanchez' <-> 'María paulina Baron Sanchez'), emails: mayraalejandracoy@gmail.com vs mariabarsa@unisabana.edu.co",6155,,Maria Paula Baron Sanchez,+573000000764,mayraalejandracoy@gmail.com,0,1,8262,1523,María paulina Baron Sanchez,+573235842209,mariabarsa@unisabana.edu.co,VIP 195k (5 citas),Montería,21,SI_EMAIL_CORRIDO_TABLA2,,
249,NIVEL_4_SIMILITUD_NOMBRE_DIFUSO,"Similitud ortográfica 91% ('Korina Diaz' <-> 'Korina Daza'), emails: caritolope6@gmail.com vs korinadaza@gmail.com",6211,,Korina Diaz,+573000000820,caritolope6@gmail.com,0,1,12877,1886,Korina Daza,+573136367829,korinadaza@gmail.com,150k,Medellín,36,SI_EMAIL_CORRIDO_TABLA2,,
250,NIVEL_4_SIMILITUD_NOMBRE_DIFUSO,"Similitud ortográfica 92% ('Luis Reginfo' <-> 'Luis Rengifo'), emails: andrea.acuna78@gmail.com vs luise2312@hotmail.com",6242,,Luis Reginfo,+573000000851,andrea.acuna78@gmail.com,0,1,12962,2090,Luis Rengifo,+573135348388,luise2312@hotmail.com,Estándar 65k (2 citas),Bogotá,33,SI_EMAIL_CORRIDO_TABLA2,,
251,NIVEL_4_SIMILITUD_NOMBRE_DIFUSO,"Similitud ortográfica 98% ('Joan manuel mogolllon' <-> 'Joan Manuel Mogollon'), emails: lorenaleon8521@gmail.com vs vacío",6296,,Joan manuel mogolllon,+573000000905,lorenaleon8521@gmail.com,0,1,12790,1664,Joan Manuel Mogollon,+573147793610,,Estándar 65k (2 citas),Medellín,30,SI_EMAIL_CORRIDO_TABLA2,,
252,NIVEL_4_SIMILITUD_NOMBRE_DIFUSO,"Similitud ortográfica 90% ('Gali Tovar' <-> 'Gali Tobar'), emails: atorreslopez7@gmail.com vs galitobar@icloud.com",6354,,Gali Tovar,+573000000963,atorreslopez7@gmail.com,0,1,5804,,Gali Tobar,+573000000413,galitobar@icloud.com,Estándar 65k (2 citas),Cali,46,SI_EMAIL_CORRIDO_TABLA2,,
253,NIVEL_4_SIMILITUD_NOMBRE_DIFUSO,"Similitud ortográfica 94% ('Estefania Reginfo' <-> 'Estefania Rengifo'), emails: vacío vs estefy012@hotmail.com",6441,,Estefania Reginfo,+573000001050,,0,2,8389,1940,Estefania Rengifo,+13474566116,estefy012@hotmail.com,65k (2 dates),Miami,40,SI_EMAIL_CORRIDO_TABLA2,,
254,NIVEL_4_SIMILITUD_NOMBRE_DIFUSO,"Similitud ortográfica 94% ('Juan jose vazquez' <-> 'Juan Jose Vasquez'), emails: vacío vs jjvl73@hotmail.com",7593,,Juan jose vazquez,+573000002202,,0,1,8386,1936,Juan Jose Vasquez,+573136560057,jjvl73@hotmail.com,150k,Medellín,53,SI_EMAIL_CORRIDO_TABLA2,,
255,NIVEL_4_SIMILITUD_NOMBRE_DIFUSO,"Similitud ortográfica 96% ('Carlos Raigos' <-> 'Carlos Raigoso'), emails: vacío vs crojas799@gmail.com",7612,,Carlos Raigos,+573000002221,,0,2,8816,3247,Carlos Raigoso,+573138233127,crojas799@gmail.com,VIP 195k,Bogotá,27,SI_EMAIL_CORRIDO_TABLA2,,
256,NIVEL_4_SIMILITUD_NOMBRE_DIFUSO,"Similitud ortográfica 99% ('anyela katerin ballesteros barrantes' <-> 'Anyela Katerine Ballesteros Barrantes'), emails: vacío vs anyela.ballesteros@gmail.com",7700,,anyela katerin ballesteros barrantes,+573000002309,,0,2,8909,3439,Anyela Katerine Ballesteros Barrantes,+573057110155,anyela.ballesteros@gmail.com,Estándar 65k (2 citas),Bogotá,32,SI_EMAIL_CORRIDO_TABLA2,,
257,NIVEL_4_SIMILITUD_NOMBRE_DIFUSO,"Similitud ortográfica 98% ('Maria Camila Bello Guitierrez' <-> 'Maria Camila Bello Gutierrez'), emails: vacío vs mariacamilabellog@gmail.com",7701,,Maria Camila Bello Guitierrez,+573000002310,,0,1,8855,3342,Maria Camila Bello Gutierrez,+34603807445,mariacamilabellog@gmail.com,Estándar 65k (2 citas),Madrid,28,SI_EMAIL_CORRIDO_TABLA2,,
258,NIVEL_4_SIMILITUD_NOMBRE_DIFUSO,"Similitud ortográfica 98% ('Juan Sebastian Martinez' <-> 'Juan Sebastian Martiez'), emails: vacío vs vacío",9269,,Juan Sebastian Martinez,GEN_22_1787067788,,0,1,5288,132,Juan Sebastian Martiez,+13213438626,,Estándar 65k (2 citas),Bogotá,33,NO,,
259,NIVEL_4_SIMILITUD_NOMBRE_DIFUSO,"Similitud ortográfica 93% ('Paola de gamboa' <-> 'Paula De Gamboa'), emails: vacío vs paula@degamboa.com",9294,,Paola de gamboa,GEN_2570_1787067792,,0,1,8989,3614,Paula De Gamboa,+573106093035,paula@degamboa.com,98k (2 DATES),Bogotá,40,NO,,
260,NIVEL_4_SIMILITUD_NOMBRE_DIFUSO,"Similitud ortográfica 96% ('Nadya Catro' <-> 'Nadya Castro'), emails: vacío vs nadya.castro.alarcon@gmail.com",14369,,Nadya Catro,GEN_421a949c7aca,,0,1,8346,1768,Nadya Castro,+573164153862,nadya.castro.alarcon@gmail.com,Estándar 65k (2 citas),Bogotá,36,NO,,
261,NIVEL_4_SUBCONJUNTO_NOMBRE_DIFUSO,"Tokens de nombre contenidos ('Manuela Acosta' <-> 'Manuela Acosta Chacon'), emails: andres.ubaque.1199@gmail.com vs manuelach5@hotmail.com",5514,,Manuela Acosta,+573000000124,andres.ubaque.1199@gmail.com,0,1,8589,2586,Manuela Acosta Chacon,+13123788402,manuelach5@hotmail.com,98k (2 DATES),Bogotá,29,SI_EMAIL_CORRIDO_TABLA2,,
262,NIVEL_4_SUBCONJUNTO_NOMBRE_DIFUSO,"Tokens de nombre contenidos ('Manuela Acosta' <-> 'Manuela Acosta Chacon'), emails: briggittearcos@gmail.com vs manuelach5@hotmail.com",5515,,Manuela Acosta,+573000000125,briggittearcos@gmail.com,0,2,8589,2586,Manuela Acosta Chacon,+13123788402,manuelach5@hotmail.com,98k (2 DATES),Bogotá,29,SI_EMAIL_CORRIDO_TABLA2,,
263,NIVEL_4_SUBCONJUNTO_NOMBRE_DIFUSO,"Tokens de nombre contenidos ('Ricardo Perez (VIP)' <-> 'Ricardo Pérez'), emails: disana3101@outlook.com vs ricardoperez.a@gmail.com",5715,,Ricardo Perez (VIP),+573000000324,disana3101@outlook.com,0,1,9494,1933,Ricardo Pérez,+573006124281,ricardoperez.a@gmail.com,Estándar 65k (2 citas),Bogotá,35,SI_EMAIL_CORRIDO_TABLA2,,
264,NIVEL_4_SUBCONJUNTO_NOMBRE_DIFUSO,"Tokens de nombre contenidos ('Maria Isabel Avilan' <-> 'Maria Isabel Avilan Avilan'), emails: vacío vs princesapurpura2024@gmail.com",5718,,Maria Isabel Avilan,+573000000327,,0,1,8362,1840,Maria Isabel Avilan Avilan,+573002675367,princesapurpura2024@gmail.com,Estándar 65k (2 citas),Bogotá,45,SI_EMAIL_CORRIDO_TABLA2,,
265,NIVEL_4_SUBCONJUNTO_NOMBRE_DIFUSO,"Tokens de nombre contenidos ('Adriana Cárdenas' <-> 'Adriana Cardenas Valderrama'), emails: dianacsierra@gmail.com vs ardillaqui@gmail.com",5720,,Adriana Cárdenas,+573000000329,dianacsierra@gmail.com,0,2,8453,2162,Adriana Cardenas Valderrama,+573138659842,ardillaqui@gmail.com,150k,Bogotá,43,SI_EMAIL_CORRIDO_TABLA2,,
266,NIVEL_4_SUBCONJUNTO_NOMBRE_DIFUSO,"Tokens de nombre contenidos ('Catalina Hernandez (VIP)' <-> 'Catalina Hernandez'), emails: sofi2696@gmail.com vs matvargas64@gmail.com",5725,,Catalina Hernandez (VIP),+573000000334,sofi2696@gmail.com,0,3,12920,1989,Catalina Hernandez,+573154871823,matvargas64@gmail.com,65k (1 date),Bogotá,28,SI_EMAIL_CORRIDO_TABLA2,,
267,NIVEL_4_SUBCONJUNTO_NOMBRE_DIFUSO,"Tokens de nombre contenidos ('Juan Sebastian Torres cordoba (VIP)' <-> 'Juan Sebastian Torres Cordoba'), emails: jaicas99@hotmail.com vs juans.torres1992@gmail.com",5726,,Juan Sebastian Torres cordoba (VIP),+573000000335,jaicas99@hotmail.com,0,1,8392,1950,Juan Sebastian Torres Cordoba,+573168758861,juans.torres1992@gmail.com,Premium,Bogotá,33,SI_EMAIL_CORRIDO_TABLA2,,
268,NIVEL_4_SUBCONJUNTO_NOMBRE_DIFUSO,"Tokens de nombre contenidos ('Nathalia Cardozo (madrid)' <-> 'Nathalia Cardozo'), emails: lriascos92@gmail.com vs nathaliacardozorangel@gmail.com",5729,,Nathalia Cardozo (madrid),+573000000338,lriascos92@gmail.com,0,1,12936,2020,Nathalia Cardozo,+34610276419,nathaliacardozorangel@gmail.com,Estándar 65k (2 citas),Madrid,25,SI_EMAIL_CORRIDO_TABLA2,,
269,NIVEL_4_SUBCONJUNTO_NOMBRE_DIFUSO,"Tokens de nombre contenidos ('Maria Jose Marín (medellin) VIP' <-> 'Maria Jose Marin'), emails: vacío vs mariajosemarinsepulvedaft@gmail.com",5731,,Maria Jose Marín (medellin) VIP,+573000000340,,0,1,9555,3260,Maria Jose Marin,+573024613578,mariajosemarinsepulvedaft@gmail.com,Estándar 65k (2 citas),Medellín,28,SI_EMAIL_CORRIDO_TABLA2,,
270,NIVEL_4_SUBCONJUNTO_NOMBRE_DIFUSO,"Tokens de nombre contenidos ('Luis Jimenez (gay)' <-> 'Luis Jimenez'), emails: jcarolina-14@hotmail.com vs luisfelipejimenez2@gmail.com",5738,,Luis Jimenez (gay),+573000000347,jcarolina-14@hotmail.com,0,1,12960,2083,Luis Jimenez,+573185342562,luisfelipejimenez2@gmail.com,40k,Nemocon,20,SI_EMAIL_CORRIDO_TABLA2,,
271,NIVEL_4_SUBCONJUNTO_NOMBRE_DIFUSO,"Tokens de nombre contenidos ('Amilkar Eslava (madrid)' <-> 'amilkar eslava'), emails: torresisabella068@gmail.com vs amilkareg2@gmail.com",5745,,Amilkar Eslava (madrid),+573000000354,torresisabella068@gmail.com,0,1,11081,2163,amilkar eslava,+34600145371,amilkareg2@gmail.com,65k (2 dates),Madrid,28,SI_EMAIL_CORRIDO_TABLA2,,
272,NIVEL_4_SUBCONJUNTO_NOMBRE_DIFUSO,"Tokens de nombre contenidos ('Manuel Jara (medellin)' <-> 'Manuel Jara'), emails: vacío vs jaraecheverry@gmail.com",5747,,Manuel Jara (medellin),+573000000356,,0,1,12957,2077,Manuel Jara,+573052419667,jaraecheverry@gmail.com,VIP 195k,Medellín,20,SI_EMAIL_CORRIDO_TABLA2,,
273,NIVEL_4_SUBCONJUNTO_NOMBRE_DIFUSO,"Tokens de nombre contenidos ('Esteban Perez Villa (medellin)' <-> 'Esteban Perez Villa'), emails: vacío vs estebanp94@gmail.com",5752,,Esteban Perez Villa (medellin),+573000000361,,0,1,5973,,Esteban Perez Villa,+573000000582,estebanp94@gmail.com,65k (2 dates),Medellín,32,SI_EMAIL_CORRIDO_TABLA2,,
274,NIVEL_4_SUBCONJUNTO_NOMBRE_DIFUSO,"Tokens de nombre contenidos ('JULIANA RAMOS' <-> 'Juliana Ramos Ramos'), emails: juliana.r1786@gmail.com vs juliana1786@yahoo.com",5753,1367,JULIANA RAMOS,+573000000362,juliana.r1786@gmail.com,0,1,8291,1625,Juliana Ramos Ramos,+573014518471,juliana1786@yahoo.com,Estándar 65k (2 citas),Bogotá,39,SI_EMAIL_CORRIDO_TABLA2,,
275,NIVEL_4_SUBCONJUNTO_NOMBRE_DIFUSO,"Tokens de nombre contenidos ('Luisa Triana (bucaramanga)' <-> 'Luisa Triana'), emails: vacío vs luisatriana20@gmail.com",5754,,Luisa Triana (bucaramanga),+573000000363,,0,1,11150,2262,Luisa Triana,+573002893039,luisatriana20@gmail.com,65k (2 dates),Bucaramanga,35,SI_EMAIL_CORRIDO_TABLA2,,
276,NIVEL_4_SUBCONJUNTO_NOMBRE_DIFUSO,"Tokens de nombre contenidos ('Alejandra Cano (medellín) VIP' <-> 'Alejandra Cano'), emails: magnoliavega@gmail.com vs alejacanog@gmail.com",5756,,Alejandra Cano (medellín) VIP,+573000000365,magnoliavega@gmail.com,0,1,12991,2175,Alejandra Cano,+573004851990,alejacanog@gmail.com,150k,Medellín,31,SI_EMAIL_CORRIDO_TABLA2,,
277,NIVEL_4_SUBCONJUNTO_NOMBRE_DIFUSO,"Tokens de nombre contenidos ('Erika Castro (Barranquilla) VIP' <-> 'Erika Castro'), emails: vacío vs julicastrom07@gmail.com",5758,,Erika Castro (Barranquilla) VIP,+573000000367,,0,5,6342,,Erika Castro,+573000000951,julicastrom07@gmail.com,195k,Barranquilla,47,SI_EMAIL_CORRIDO_TABLA2,,
278,NIVEL_4_SUBCONJUNTO_NOMBRE_DIFUSO,"Tokens de nombre contenidos ('Julian Montoya (Miami)' <-> 'Julian Montoya'), emails: vacío vs montoyajulian@gmail.com",5760,,Julian Montoya (Miami),+573000000369,,0,1,9509,2335,Julian Montoya,+17862128011,montoyajulian@gmail.com,40k,Miami,21,SI_EMAIL_CORRIDO_TABLA2,,
279,NIVEL_4_SUBCONJUNTO_NOMBRE_DIFUSO,"Tokens de nombre contenidos ('Diana Marcela Burgos' <-> 'Diana Marcela Burgos Herrera'), emails: anaelachindoy@gmail.com vs marcelaburgosh@hotmail.com",5769,,Diana Marcela Burgos,+573000000378,anaelachindoy@gmail.com,0,1,7847,2372,Diana Marcela Burgos Herrera,+573123795586,marcelaburgosh@hotmail.com,Estándar 65k (2 citas),Bogotá,37,SI_EMAIL_CORRIDO_TABLA2,,
280,NIVEL_4_SUBCONJUNTO_NOMBRE_DIFUSO,"Tokens de nombre contenidos ('Stephanie Herrera Faillace (medellin)' <-> 'Stephanie Herrera Faillace'), emails: vacío vs sherreraf90@gmail.com",5777,,Stephanie Herrera Faillace (medellin),+573000000386,,0,1,13088,2410,Stephanie Herrera Faillace,+573002467683,sherreraf90@gmail.com,65k (1 date),Medellín,36,SI_EMAIL_CORRIDO_TABLA2,,
281,NIVEL_4_SUBCONJUNTO_NOMBRE_DIFUSO,"Tokens de nombre contenidos ('Felipe Sandoval VIP' <-> 'Felipe Sandoval'), emails: vacío vs jfsandovalp@unal.edu.co",5779,,Felipe Sandoval VIP,+573000000388,,0,2,6314,,Felipe Sandoval,+573000000923,jfsandovalp@unal.edu.co,Estándar 65k (2 citas),Cali,33,SI_EMAIL_CORRIDO_TABLA2,,
282,NIVEL_4_SUBCONJUNTO_NOMBRE_DIFUSO,"Tokens de nombre contenidos ('Olga Lucia Maciado VIP' <-> 'Olga Lucia Maciado'), emails: vacío vs lulumaciadomora@gmail.com",5780,,Olga Lucia Maciado VIP,+573000000389,,0,1,13108,2446,Olga Lucia Maciado,+13108774611,lulumaciadomora@gmail.com,Estándar 65k (2 citas),Bogotá,55,SI_EMAIL_CORRIDO_TABLA2,,
283,NIVEL_4_SUBCONJUNTO_NOMBRE_DIFUSO,"Tokens de nombre contenidos ('Geraldine Medina (Bucaramanga, abierta a colombia)' <-> 'Geraldine Medina'), emails: vacío vs psi.gmedina455@gmail.com",5781,,"Geraldine Medina (Bucaramanga, abierta a colombia)",+573000000390,,0,1,8536,2485,Geraldine Medina,+573152469119,psi.gmedina455@gmail.com,Estándar 65k (2 citas),Bucaramanga,30,SI_EMAIL_CORRIDO_TABLA2,,
284,NIVEL_4_SUBCONJUNTO_NOMBRE_DIFUSO,"Tokens de nombre contenidos ('Hugo Garcia (ibague o bogotá)' <-> 'Hugo Garcia'), emails: santichaparro2707@gmail.com vs hagc98@hotmail.com",5784,847,Hugo Garcia (ibague o bogotá),+573000000393,santichaparro2707@gmail.com,0,1,13092,2416,Hugo Garcia,+13045456807,hagc98@hotmail.com,Estándar 65k (2 citas),Ibagué,54,SI_EMAIL_CORRIDO_TABLA2,,
285,NIVEL_4_SUBCONJUNTO_NOMBRE_DIFUSO,"Tokens de nombre contenidos ('Julian Serrano VIP' <-> 'Julian Serrano'), emails: vacío vs jsgresidencia@gmail.com",5789,,Julian Serrano VIP,+573000000398,,0,2,5785,2052,Julian Serrano,+573000000394,jsgresidencia@gmail.com,Estándar 65k (2 citas),Bogotá,26,SI_EMAIL_CORRIDO_TABLA2,,
286,NIVEL_4_SUBCONJUNTO_NOMBRE_DIFUSO,"Tokens de nombre contenidos ('Ghinna Maria Farfan' <-> 'Ghinna Maria Farfan Torres'), emails: jstiven98@hotmail.com vs ghinna.farfan.torres@gmail.com",5793,,Ghinna Maria Farfan,+573000000402,jstiven98@hotmail.com,0,6,8688,2767,Ghinna Maria Farfan Torres,+573223630268,ghinna.farfan.torres@gmail.com,98k (2 DATES),Bogotá,34,SI_EMAIL_CORRIDO_TABLA2,,
287,NIVEL_4_SUBCONJUNTO_NOMBRE_DIFUSO,"Tokens de nombre contenidos ('Luis Ojopi' <-> 'Luis Dikson Ojopi'), emails: vacío vs dikson_ojopi@hotmail.com",5794,,Luis Ojopi,+573000000403,,0,1,8687,2757,Luis Dikson Ojopi,+31648186628,dikson_ojopi@hotmail.com,Estándar 65k (2 citas),La Haya,46,SI_EMAIL_CORRIDO_TABLA2,,
288,NIVEL_4_SUBCONJUNTO_NOMBRE_DIFUSO,"Tokens de nombre contenidos ('Diego Gomez (medellin)' <-> 'Diego Gomez'), emails: santihenaon8@gmail.com vs dagomez8609@gmail.com",5795,,Diego Gomez (medellin),+573000000404,santihenaon8@gmail.com,0,1,6282,,Diego Gomez,+573000000891,dagomez8609@gmail.com,Estándar 65k (2 citas),Medellín,39,SI_EMAIL_CORRIDO_TABLA2,,
289,NIVEL_4_SUBCONJUNTO_NOMBRE_DIFUSO,"Tokens de nombre contenidos ('Mauricio Arias VIP' <-> 'Mauricio Arias'), emails: juaniruizortiz@hotmail.com vs maoarias1975@hotmail.com",5796,,Mauricio Arias VIP,+573000000405,juaniruizortiz@hotmail.com,0,1,9546,2758,Mauricio Arias,+573214654400,maoarias1975@hotmail.com,195k,Bogotá,51,SI_EMAIL_CORRIDO_TABLA2,,
290,NIVEL_4_SUBCONJUNTO_NOMBRE_DIFUSO,"Tokens de nombre contenidos ('Julian Steven Cifuentes' <-> 'Julian Cifuentes'), emails: felipecuellocast@gmail.com vs julianstevencll@hotmail.com",5798,,Julian Steven Cifuentes,+573000000407,felipecuellocast@gmail.com,0,2,8636,2665,Julian Cifuentes,+573045382162,julianstevencll@hotmail.com,new lead,Bogotá,25,SI_EMAIL_CORRIDO_TABLA2,,
291,NIVEL_4_SUBCONJUNTO_NOMBRE_DIFUSO,"Tokens de nombre contenidos ('Ana Isabel Suarez (medellin)' <-> 'Ana Isabel Suarez'), emails: vacío vs ana.suarez9356@gmail.com",5812,,Ana Isabel Suarez (medellin),+573000000421,,0,1,13240,2892,Ana Isabel Suarez,+573127870807,ana.suarez9356@gmail.com,Estándar 65k (2 citas),Medellín,30,SI_EMAIL_CORRIDO_TABLA2,,
292,NIVEL_4_SUBCONJUNTO_NOMBRE_DIFUSO,"Tokens de nombre contenidos ('Adriana Cárdenas' <-> 'Adriana Cardenas Valderrama'), emails: hundrymarquina@gmail.com vs ardillaqui@gmail.com",5894,995,Adriana Cárdenas,+573000000503,hundrymarquina@gmail.com,0,3,8453,2162,Adriana Cardenas Valderrama,+573138659842,ardillaqui@gmail.com,150k,Bogotá,43,SI_EMAIL_CORRIDO_TABLA2,,
293,NIVEL_4_SUBCONJUNTO_NOMBRE_DIFUSO,"Tokens de nombre contenidos ('Ana Elizabeth Ruiz' <-> 'ANA ELIZABETH RUIZ GUTIERREZ'), emails: jhonny-92_rubio@hotmail.com vs aelizarg@gmail.com",5895,,Ana Elizabeth Ruiz,+573000000504,jhonny-92_rubio@hotmail.com,0,2,8369,1878,ANA ELIZABETH RUIZ GUTIERREZ,+573165293118,aelizarg@gmail.com,40k,Bogotá,42,SI_EMAIL_CORRIDO_TABLA2,,
294,NIVEL_4_SUBCONJUNTO_NOMBRE_DIFUSO,"Tokens de nombre contenidos ('Kelly Gonzalez' <-> 'Kelly Gonzalez Payares'), emails: vacío vs kgonzalezpayares@gmail.com",5907,,Kelly Gonzalez,+573000000516,,0,1,8962,3574,Kelly Gonzalez Payares,+573122169686,kgonzalezpayares@gmail.com,195k,Bogotá,33,SI_EMAIL_CORRIDO_TABLA2,,
295,NIVEL_4_SUBCONJUNTO_NOMBRE_DIFUSO,"Tokens de nombre contenidos ('Diego Mauricio Ramirez' <-> 'Diego Mauricio Ramirez Buitrago'), emails: vacío vs ing.diegomrchess@hotmail.com",5926,,Diego Mauricio Ramirez,+573000000535,,0,1,9129,3784,Diego Mauricio Ramirez Buitrago,+573004060800,ing.diegomrchess@hotmail.com,195k,Bogotá,39,SI_EMAIL_CORRIDO_TABLA2,,
296,NIVEL_4_SUBCONJUNTO_NOMBRE_DIFUSO,"Tokens de nombre contenidos ('Ximena Duarte: De manu' <-> 'Ximena Duarte'), emails: pabloolmus@gmail.com vs carlosrocacantalapiedra@gmail.com",6052,,Ximena Duarte: De manu,+573000000661,pabloolmus@gmail.com,0,1,7363,,Ximena Duarte,+573000001972,carlosrocacantalapiedra@gmail.com,46054,Madrid,21,SI_EMAIL_CORRIDO_TABLA2,,
297,NIVEL_4_SUBCONJUNTO_NOMBRE_DIFUSO,"Tokens de nombre contenidos ('Juan Sebastian Niño Rodriguez: De manu' <-> 'Juan Sebastian Niño Rodriguez'), emails: vacío vs njuan482@gmail.com",6053,,Juan Sebastian Niño Rodriguez: De manu,+573000000662,,0,1,8263,1524,Juan Sebastian Niño Rodriguez,+573044105903,njuan482@gmail.com,40k,Bogotá,26,SI_EMAIL_CORRIDO_TABLA2,,
298,NIVEL_4_SUBCONJUNTO_NOMBRE_DIFUSO,"Tokens de nombre contenidos ('Edwin niño: De manu' <-> 'Edwin niño'), emails: fescom@outlook.com vs johannaroca@gmail.com",6054,,Edwin niño: De manu,+573000000663,fescom@outlook.com,0,1,6297,,Edwin niño,+573000000906,johannaroca@gmail.com,Estándar 65k (2 citas),Bogotá,35,SI_EMAIL_CORRIDO_TABLA2,,
299,NIVEL_4_SUBCONJUNTO_NOMBRE_DIFUSO,"Tokens de nombre contenidos ('Lorena Olaya: De manu' <-> 'Lorena Olaya'), emails: vacío vs lore07olaya@gmail.com",6056,,Lorena Olaya: De manu,+573000000665,,0,1,7468,,Lorena Olaya,+573000002077,lore07olaya@gmail.com,195k,Medellín,38,SI_EMAIL_CORRIDO_TABLA2,,
300,NIVEL_4_SUBCONJUNTO_NOMBRE_DIFUSO,"Tokens de nombre contenidos ('Maria Camila Vasquez Noriega: De manu' <-> 'Maria Camila Vasquez Noriega'), emails: vacío vs juli_hoyos@hotmail.com",6061,,Maria Camila Vasquez Noriega: De manu,+573000000670,,0,1,6344,,Maria Camila Vasquez Noriega,+573000000953,juli_hoyos@hotmail.com,Estándar 65k (2 citas),Bogotá,33,SI_EMAIL_CORRIDO_TABLA2,,
301,NIVEL_4_SUBCONJUNTO_NOMBRE_DIFUSO,"Tokens de nombre contenidos ('Diana Maria Martinez' <-> 'Diana Maria Martinez Barrera'), emails: ramirezmontesanamilena@gmail.com vs dianishorty@hotmail.com",6099,,Diana Maria Martinez,+573000000708,ramirezmontesanamilena@gmail.com,0,3,8227,1355,Diana Maria Martinez Barrera,+573102501715,dianishorty@hotmail.com,40k,Bogotá,40,SI_EMAIL_CORRIDO_TABLA2,,
302,NIVEL_4_SUBCONJUNTO_NOMBRE_DIFUSO,"Tokens de nombre contenidos ('Giovanny Miranda Rojas' <-> 'Giovanny Alexander Miranda Rojas'), emails: sebastian@connectoapp.com vs giovanny.miro@gmail.com",6118,,Giovanny Miranda Rojas,+573000000727,sebastian@connectoapp.com,0,1,12707,1459,Giovanny Alexander Miranda Rojas,+573104441592,giovanny.miro@gmail.com,Estándar 65k (2 citas),Bogotá,25,SI_EMAIL_CORRIDO_TABLA2,,
303,NIVEL_4_SUBCONJUNTO_NOMBRE_DIFUSO,"Tokens de nombre contenidos ('Maria Victoria Castillo' <-> 'Maria Victoria Castillo Castro'), emails: elianareyes2312@gmail.com vs victoriacc.dorado@gmail.com",6128,,Maria Victoria Castillo,+573000000737,elianareyes2312@gmail.com,0,1,8272,1559,Maria Victoria Castillo Castro,+13212262178,victoriacc.dorado@gmail.com,65k (2 dates),Villa De Leyva,37,SI_EMAIL_CORRIDO_TABLA2,,
304,NIVEL_4_SUBCONJUNTO_NOMBRE_DIFUSO,"Tokens de nombre contenidos ('Ana Maria Fernandez' <-> 'Ana Maria Fernandez Garces'), emails: a.ayala@practicosltda.com vs anitaensintonia@gmail.com",6137,,Ana Maria Fernandez,+573000000746,a.ayala@practicosltda.com,0,2,8337,1749,Ana Maria Fernandez Garces,+573017763153,anitaensintonia@gmail.com,Estándar 65k (2 citas),Medellín,30,SI_EMAIL_CORRIDO_TABLA2,,
305,NIVEL_4_SUBCONJUNTO_NOMBRE_DIFUSO,"Tokens de nombre contenidos ('Juan Sebastian Riveros' <-> 'Juan Sebastian Riveros Castro'), emails: palaciososalaug@gmail.com vs sebastianrc997@gmail.com",6174,,Juan Sebastian Riveros,+573000000783,palaciososalaug@gmail.com,0,5,8365,1850,Juan Sebastian Riveros Castro,+573102151774,sebastianrc997@gmail.com,Estándar 65k (2 citas),Medellín,28,SI_EMAIL_CORRIDO_TABLA2,,
306,NIVEL_4_SUBCONJUNTO_NOMBRE_DIFUSO,"Tokens de nombre contenidos ('Camilo luengas' <-> 'Camilo Perdomo Luengas'), emails: natalia.acevedo2127@gmail.com vs perdomo.camilo@live.com",6175,,Camilo luengas,+573000000784,natalia.acevedo2127@gmail.com,0,1,6126,,Camilo Perdomo Luengas,+573000000735,perdomo.camilo@live.com,Estándar 65k (2 citas),Bogotá,38,SI_EMAIL_CORRIDO_TABLA2,,
307,NIVEL_4_SUBCONJUNTO_NOMBRE_DIFUSO,"Tokens de nombre contenidos ('Andrea Carolina Quiroz' <-> 'Andrea Carolina Quiroz Gomez'), emails: vacío vs aquirozg1118@gmail.com",6192,,Andrea Carolina Quiroz,+573000000801,,0,2,8384,1928,Andrea Carolina Quiroz Gomez,+573005076374,aquirozg1118@gmail.com,40k,Barranquilla,31,SI_EMAIL_CORRIDO_TABLA2,,
308,NIVEL_4_SUBCONJUNTO_NOMBRE_DIFUSO,"Tokens de nombre contenidos ('Daniel felipe Olarte' <-> 'Daniel Felipe Olarte Manjarres'), emails: david.matamoros.sanchez@gmail.com vs dlarte19@gmail.com",6267,,Daniel felipe Olarte,+573000000876,david.matamoros.sanchez@gmail.com,0,2,8138,969,Daniel Felipe Olarte Manjarres,+573142380132,dlarte19@gmail.com,Estándar 65k (2 citas),Bucaramanga,32,SI_EMAIL_CORRIDO_TABLA2,,
309,NIVEL_4_SUBCONJUNTO_NOMBRE_DIFUSO,"Tokens de nombre contenidos ('Camila pulido' <-> 'Camila Pulido Moreno'), emails: angie_m21@hotmail.com vs Camilapulidom21@gmail.com",6274,,Camila pulido,+573000000883,angie_m21@hotmail.com,1,3,8714,2846,Camila Pulido Moreno,+573052995169,Camilapulidom21@gmail.com,Estándar 65k (2 citas),Bogotá,24,SI_EMAIL_CORRIDO_TABLA2,,
310,NIVEL_4_SUBCONJUNTO_NOMBRE_DIFUSO,"Tokens de nombre contenidos ('Francisco Escobar' <-> 'Francisco Escobar Martinez'), emails: vacío vs fescom@outlook.com",6301,,Francisco Escobar,+573000000910,,0,2,12594,1220,Francisco Escobar Martinez,+573246882553,fescom@outlook.com,Estándar 65k (2 citas),Bogotá,40,SI_EMAIL_CORRIDO_TABLA2,,
311,NIVEL_4_SUBCONJUNTO_NOMBRE_DIFUSO,"Tokens de nombre contenidos ('Stephany Martinez' <-> 'Stephany Martinez Hadechni'), emails: cammila.habeych@gmail.com vs tephymartinez16@hotmail.con",6312,,Stephany Martinez,+573000000921,cammila.habeych@gmail.com,0,1,5853,,Stephany Martinez Hadechni,+573000000462,tephymartinez16@hotmail.con,98k (2 DATES),Bogotá,31,SI_EMAIL_CORRIDO_TABLA2,,
312,NIVEL_4_SUBCONJUNTO_NOMBRE_DIFUSO,"Tokens de nombre contenidos ('Gustavo Millan' <-> 'Gustavo Millan Osorio'), emails: vacío vs francisco_navarro02@outlook.com",6328,,Gustavo Millan,+573000000937,,0,1,7510,,Gustavo Millan Osorio,+573000002119,francisco_navarro02@outlook.com,VIP,Bogotá,31,SI_EMAIL_CORRIDO_TABLA2,,
313,NIVEL_4_SUBCONJUNTO_NOMBRE_DIFUSO,"Tokens de nombre contenidos ('David Esteban García' <-> 'David Esteban García Agudelo'), emails: vacío vs degagudelo.95@gmail.com",6331,,David Esteban García,+573000000940,,0,1,9559,3385,David Esteban García Agudelo,+573174385445,degagudelo.95@gmail.com,VIP 195k,Bogotá,31,SI_EMAIL_CORRIDO_TABLA2,,
314,NIVEL_4_SUBCONJUNTO_NOMBRE_DIFUSO,"Tokens de nombre contenidos ('Vanessa Duarte' <-> 'VANESSA DUARTE MESA'), emails: danielaariasgulfo@gmail.com vs vanessaduartemesa@hotmail.com",6379,,Vanessa Duarte,+573000000988,danielaariasgulfo@gmail.com,0,2,8504,2400,VANESSA DUARTE MESA,+573008160573,vanessaduartemesa@hotmail.com,Estándar 65k (2 citas),Pereira,37,SI_EMAIL_CORRIDO_TABLA2,,
315,NIVEL_4_SUBCONJUNTO_NOMBRE_DIFUSO,"Tokens de nombre contenidos ('Johana Patricia Castañeda' <-> 'Johana Patricia Castañeda bautista'), emails: vacío vs c_patricia88@hotmail.es",6434,,Johana Patricia Castañeda,+573000001043,,0,2,9130,3785,Johana Patricia Castañeda bautista,+573123694343,c_patricia88@hotmail.es,195k,Bogotá,37,SI_EMAIL_CORRIDO_TABLA2,,
316,NIVEL_4_SUBCONJUNTO_NOMBRE_DIFUSO,"Tokens de nombre contenidos ('FEDERICO GARCIA' <-> 'Federico García Gutiérrez'), emails: vacío vs fedegu09@gmail.com",6478,,FEDERICO GARCIA,+573000001087,,0,1,8085,795,Federico García Gutiérrez,+573115680100,fedegu09@gmail.com,40k,Bogot?,24,SI_EMAIL_CORRIDO_TABLA2,,
317,NIVEL_4_SUBCONJUNTO_NOMBRE_DIFUSO,"Tokens de nombre contenidos ('DAVID DIAZ (DIPLOMÁTICO)' <-> 'David Diaz'), emails: nomarr53@gmail.com vs diazbejarano@gmail.com",6493,,DAVID DIAZ (DIPLOMÁTICO),+573000001102,nomarr53@gmail.com,0,1,12645,1322,David Diaz,+573102505871,diazbejarano@gmail.com,40k,Bogotá,39,SI_EMAIL_CORRIDO_TABLA2,,
318,NIVEL_4_SUBCONJUNTO_NOMBRE_DIFUSO,"Tokens de nombre contenidos ('PABLO ANDRES PEREZ' <-> 'Pablo Andrés Pérez López'), emails: vacío vs pabloandresperezlopez@gmail.com",6498,,PABLO ANDRES PEREZ,+573000001107,,0,3,8125,933,Pablo Andrés Pérez López,+573006563883,pabloandresperezlopez@gmail.com,65k (2 dates),Medellín,49,SI_EMAIL_CORRIDO_TABLA2,,
319,NIVEL_4_SUBCONJUNTO_NOMBRE_DIFUSO,"Tokens de nombre contenidos ('ANDRES JOSE AGUILAR' <-> 'Andres Aguilar'), emails: mauricio.otero1@hotmail.com vs aguilarandres1112@gmail.com",6502,,ANDRES JOSE AGUILAR,+573000001111,mauricio.otero1@hotmail.com,0,1,6686,985,Andres Aguilar,+573008796504,aguilarandres1112@gmail.com,150k,Bogotá,32,SI_EMAIL_CORRIDO_TABLA2,,
320,NIVEL_4_SUBCONJUNTO_NOMBRE_DIFUSO,"Tokens de nombre contenidos ('ANDRES JOSE AGUILAR (2ND DATE)' <-> 'Andres Aguilar'), emails: vhrabogado@gmail.com vs aguilarandres1112@gmail.com",6503,,ANDRES JOSE AGUILAR (2ND DATE),+573000001112,vhrabogado@gmail.com,0,1,6686,985,Andres Aguilar,+573008796504,aguilarandres1112@gmail.com,150k,Bogotá,32,SI_EMAIL_CORRIDO_TABLA2,,
321,NIVEL_4_SUBCONJUNTO_NOMBRE_DIFUSO,"Tokens de nombre contenidos ('PAULA LENIS' <-> 'Paula Lenis B'), emails: yennydurango@hotmail.com vs paulalenisb@gmail.com",6516,,PAULA LENIS,+573000001125,yennydurango@hotmail.com,0,2,8170,1078,Paula Lenis B,+573108592128,paulalenisb@gmail.com,65k (2 dates),Bogotá,31,SI_EMAIL_CORRIDO_TABLA2,,
322,NIVEL_4_SUBCONJUNTO_NOMBRE_DIFUSO,"Tokens de nombre contenidos ('MARIA FERNANDA AREVALO' <-> 'Maria Fernanda'), emails: julianaqmartinez@gmail.com vs lizzarredondo2@gmail.com",6518,,MARIA FERNANDA AREVALO,+573000001127,julianaqmartinez@gmail.com,0,5,7034,1643,Maria Fernanda,+573000001643,lizzarredondo2@gmail.com,VIP,Bogotá,36,SI_EMAIL_CORRIDO_TABLA2,,
323,NIVEL_4_SUBCONJUNTO_NOMBRE_DIFUSO,"Tokens de nombre contenidos ('ALEJANDRA ANZOLA' <-> 'Alejandra Anzola Bravo'), emails: vacío vs aleanzola@gmail.com",6522,,ALEJANDRA ANZOLA,+573000001131,,0,3,8188,1158,Alejandra Anzola Bravo,+573232889393,aleanzola@gmail.com,Estándar 65k (2 citas),Bogotá,36,SI_EMAIL_CORRIDO_TABLA2,,
324,NIVEL_4_SUBCONJUNTO_NOMBRE_DIFUSO,"Tokens de nombre contenidos ('MARIO ROMERO (DALLAS)' <-> 'Mario Romero'), emails: laura.huertassa@gmail.com vs m_romero08@icloud.com",6531,,MARIO ROMERO (DALLAS),+573000001140,laura.huertassa@gmail.com,0,1,12562,1149,Mario Romero,+19454267714,m_romero08@icloud.com,65k (2 dates),"Dallas, Texas Usa",49,SI_EMAIL_CORRIDO_TABLA2,,
325,NIVEL_4_SUBCONJUNTO_NOMBRE_DIFUSO,"Tokens de nombre contenidos ('ANA MARIA TOLOSA' <-> 'Ana Maria Tolosa Amado'), emails: vacío vs fabianb20@gmail.com",6532,,ANA MARIA TOLOSA,+573000001141,,0,1,6525,1134,Ana Maria Tolosa Amado,+573000001134,fabianb20@gmail.com,65k (2 dates),Bogotá,22,SI_EMAIL_CORRIDO_TABLA2,,
326,NIVEL_4_SUBCONJUNTO_NOMBRE_DIFUSO,"Tokens de nombre contenidos ('JUAN PABLO RUIZ (pereira)' <-> 'Juan Pablo Ruiz'), emails: vacío vs lizeth.peralta04@hotmail.es",6535,,JUAN PABLO RUIZ (pereira),+573000001144,,0,1,6361,,Juan Pablo Ruiz,+573000000970,lizeth.peralta04@hotmail.es,Estándar 65k (2 citas),Bogotá,34,SI_EMAIL_CORRIDO_TABLA2,,
327,NIVEL_4_SUBCONJUNTO_NOMBRE_DIFUSO,"Tokens de nombre contenidos ('LUIS DIAZ (VIP)' <-> 'Luis Diaz'), emails: santiagohortuaandrade@gmail.com vs dlucho83@hotmail.com",6541,,LUIS DIAZ (VIP),+573000001150,santiagohortuaandrade@gmail.com,0,3,12657,1349,Luis Diaz,+573178552279,dlucho83@hotmail.com,VIP 195k,Bogotá,42,SI_EMAIL_CORRIDO_TABLA2,,
328,NIVEL_4_SUBCONJUNTO_NOMBRE_DIFUSO,"Tokens de nombre contenidos ('Melissa Alvarez' <-> 'Melissa Alvarez L'), emails: vacío vs almelissa@hotmail.com",6547,,Melissa Alvarez,+573000001156,,0,1,8347,1774,Melissa Alvarez L,+573147918550,almelissa@hotmail.com,150k,Medellín,45,SI_EMAIL_CORRIDO_TABLA2,,
329,NIVEL_4_SUBCONJUNTO_NOMBRE_DIFUSO,"Tokens de nombre contenidos ('FABIAN CHAPARRO (bog/esp)' <-> 'Fabian Chaparro'), emails: paula99.0706@gmail.com vs fancho89@gmail.com",6560,,FABIAN CHAPARRO (bog/esp),+573000001169,paula99.0706@gmail.com,0,1,9457,1485,Fabian Chaparro,+34604234926,fancho89@gmail.com,Estándar 65k (2 citas),Madrid,40,SI_EMAIL_CORRIDO_TABLA2,,
330,NIVEL_4_SUBCONJUNTO_NOMBRE_DIFUSO,"Tokens de nombre contenidos ('DIEGO MARTINEZ (MONTERIA)' <-> 'Diego Martinez'), emails: paolablancov@gmail.com vs diegomv0895@hotmail.com",6579,,DIEGO MARTINEZ (MONTERIA),+573000001188,paolablancov@gmail.com,0,1,12791,1667,Diego Martinez,+573126085936,diegomv0895@hotmail.com,Estándar 65k (2 citas),Monteria,31,SI_EMAIL_CORRIDO_TABLA2,,
331,NIVEL_4_SUBCONJUNTO_NOMBRE_DIFUSO,"Tokens de nombre contenidos ('ANGELA MARIA VELASQUEZ' <-> 'Angela María Velásquez Espinosa'), emails: federicopatinof@gmail.com vs am.velasquez@yahoo.com",6586,,ANGELA MARIA VELASQUEZ,+573000001195,federicopatinof@gmail.com,0,2,8315,1704,Angela María Velásquez Espinosa,+573202919417,am.velasquez@yahoo.com,150k,Bogotá,47,SI_EMAIL_CORRIDO_TABLA2,,
332,NIVEL_4_SUBCONJUNTO_NOMBRE_DIFUSO,"Tokens de nombre contenidos ('MANUELA GOMEZ ANGEL' <-> 'MANUELA Gomez Angel Rangel'), emails: jimenezcecilia@msn.com vs rangelrangel16@hotmail.com",6592,,MANUELA GOMEZ ANGEL,+573000001201,jimenezcecilia@msn.com,0,2,12820,1751,MANUELA Gomez Angel Rangel,+573102742654,rangelrangel16@hotmail.com,Estándar 65k (2 citas),Bogotá,32,SI_EMAIL_CORRIDO_TABLA2,,
333,NIVEL_4_SUBCONJUNTO_NOMBRE_DIFUSO,"Tokens de nombre contenidos ('FREDDY SOTELO' <-> 'Freddy Sotelo García'), emails: vacío vs frekis62@gmail.com",6593,,FREDDY SOTELO,+573000001202,,0,4,8330,1740,Freddy Sotelo García,+573123792912,frekis62@gmail.com,40k,Bogotá,60,SI_EMAIL_CORRIDO_TABLA2,,
334,NIVEL_4_SUBCONJUNTO_NOMBRE_DIFUSO,"Tokens de nombre contenidos ('JORGE RIOS' <-> 'Jorge Mario Rios Giraldo'), emails: vacío vs jorge@anarttik.com",6595,,JORGE RIOS,+573000001204,,0,2,8363,1841,Jorge Mario Rios Giraldo,+573205426750,jorge@anarttik.com,"Plan Especial - $60,000 COP",Medellín,43,SI_EMAIL_CORRIDO_TABLA2,,
335,NIVEL_4_SUBCONJUNTO_NOMBRE_DIFUSO,"Tokens de nombre contenidos ('EDITH RAMIREZ' <-> 'Edith Julieta Ramirez garnica'), emails: jacobo.fcg@gmail.com vs edithjulietaramirezgarnica@gmail.com",6597,,EDITH RAMIREZ,+573000001206,jacobo.fcg@gmail.com,0,1,8305,1655,Edith Julieta Ramirez garnica,+573008248448,edithjulietaramirezgarnica@gmail.com,Estándar 65k (2 citas),Bogotá,44,SI_EMAIL_CORRIDO_TABLA2,,
336,NIVEL_4_SUBCONJUNTO_NOMBRE_DIFUSO,"Tokens de nombre contenidos ('ALEJANDRO NARANJO' <-> 'Alejandro Naranjo Monsalve'), emails: mfernanda.mejia2@gmail.com vs alenamo81@gmail.com",6598,,ALEJANDRO NARANJO,+573000001207,mfernanda.mejia2@gmail.com,0,3,8106,862,Alejandro Naranjo Monsalve,+573205375009,alenamo81@gmail.com,Estándar 65k (2 citas),Medellín,44,SI_EMAIL_CORRIDO_TABLA2,,
337,NIVEL_4_SUBCONJUNTO_NOMBRE_DIFUSO,"Tokens de nombre contenidos ('FABIAN CHAPARRO MATCH 2' <-> 'Fabian Chaparro'), emails: carlamichellemillan@gmail.com vs fancho89@gmail.com",6599,,FABIAN CHAPARRO MATCH 2,+573000001208,carlamichellemillan@gmail.com,0,1,9457,1485,Fabian Chaparro,+34604234926,fancho89@gmail.com,Estándar 65k (2 citas),Madrid,40,SI_EMAIL_CORRIDO_TABLA2,,
338,NIVEL_4_SUBCONJUNTO_NOMBRE_DIFUSO,"Tokens de nombre contenidos ('FERNANDO RUIZ' <-> 'Fernando Ruiz gaitan'), emails: vacío vs fernandoruizgaitan@hotmail.com",6619,,FERNANDO RUIZ,+573000001228,,0,1,8411,2037,Fernando Ruiz gaitan,+573153481453,fernandoruizgaitan@hotmail.com,65k (2 dates),Bogotá,55,SI_EMAIL_CORRIDO_TABLA2,,
339,NIVEL_4_SUBCONJUNTO_NOMBRE_DIFUSO,"Tokens de nombre contenidos ('ADOLFO LUIS YEPES' <-> 'ADOLFO LUIS YEPES LORA'), emails: vacío vs loracars10@gmail.com",6631,,ADOLFO LUIS YEPES,+573000001240,,0,2,8487,2321,ADOLFO LUIS YEPES LORA,+573154178862,loracars10@gmail.com,195k,Cartagena,29,SI_EMAIL_CORRIDO_TABLA2,,
340,NIVEL_4_SUBCONJUNTO_NOMBRE_DIFUSO,"Tokens de nombre contenidos ('NATALIA PLAZAS' <-> 'Natalia Plazas Zuñiga'), emails: lmunoz581@unab.edu.co vs natiplazaszu@gmail.com",6638,,NATALIA PLAZAS,+573000001247,lmunoz581@unab.edu.co,0,1,7848,2373,Natalia Plazas Zuñiga,+573155257673,natiplazaszu@gmail.com,65k (2 dates),Cali,30,SI_EMAIL_CORRIDO_TABLA2,,
341,NIVEL_4_SUBCONJUNTO_NOMBRE_DIFUSO,"Tokens de nombre contenidos ('SEBASTIAN BERNAL' <-> 'Sebastian Bernal Cely'), emails: maria.aldana2112@gmail.com vs sebastianbernal97@hotmail.com",6641,,SEBASTIAN BERNAL,+573000001250,maria.aldana2112@gmail.com,0,3,8478,2258,Sebastian Bernal Cely,+573124397045,sebastianbernal97@hotmail.com,Estándar 65k (2 citas),Bogotá,29,SI_EMAIL_CORRIDO_TABLA2,,
342,NIVEL_4_SUBCONJUNTO_NOMBRE_DIFUSO,"Tokens de nombre contenidos ('LESLY MEDINA' <-> 'Lesly Rocio Medina Grajales'), emails: vacío vs lesly.med1@gmail.com",6650,,LESLY MEDINA,+573000001259,,0,2,8686,2753,Lesly Rocio Medina Grajales,+573162339174,lesly.med1@gmail.com,Estándar 65k (2 citas),Bogotá,35,SI_EMAIL_CORRIDO_TABLA2,,
343,NIVEL_4_SUBCONJUNTO_NOMBRE_DIFUSO,"Tokens de nombre contenidos ('MARCELA GARCIA' <-> 'Marcela García herrera'), emails: escratula16@gmail.com vs marcelagarciaherrera@hotmail.com",6657,,MARCELA GARCIA,+573000001266,escratula16@gmail.com,0,2,8697,2790,Marcela García herrera,+573234836843,marcelagarciaherrera@hotmail.com,195k,Armenia,43,SI_EMAIL_CORRIDO_TABLA2,,
344,NIVEL_4_SUBCONJUNTO_NOMBRE_DIFUSO,"Tokens de nombre contenidos ('MARIA DE LOS ANGELES PEÑA' <-> 'Maria de Los Angeles Peña Roa'), emails: vacío vs mariang808@gmail.com",6673,,MARIA DE LOS ANGELES PEÑA,+573000001282,,0,2,8711,2833,Maria de Los Angeles Peña Roa,+573133735840,mariang808@gmail.com,98k (2 DATES),Bogotá,35,SI_EMAIL_CORRIDO_TABLA2,,
345,NIVEL_4_SUBCONJUNTO_NOMBRE_DIFUSO,"Tokens de nombre contenidos ('VALERIA RICAURTE' <-> 'Valeria Ricaurte Ramirez'), emails: valericaurteramirez@gmail.com vs valeria.ricaurter@gmail.com",6675,,VALERIA RICAURTE,+573000001284,valericaurteramirez@gmail.com,0,3,9488,1837,Valeria Ricaurte Ramirez,+573237532711,valeria.ricaurter@gmail.com,65k (1 date),Bogotá,29,SI_EMAIL_CORRIDO_TABLA2,,
346,NIVEL_4_SUBCONJUNTO_NOMBRE_DIFUSO,"Tokens de nombre contenidos ('ANA PEREZ' <-> 'Ana Perez Forero'), emails: catapradap.3@gmail.com vs amperezforero@gmail.com",6687,,ANA PEREZ,+573000001296,catapradap.3@gmail.com,0,3,8762,3039,Ana Perez Forero,+573118372714,amperezforero@gmail.com,Estándar 65k (2 citas),Bogotá,29,SI_EMAIL_CORRIDO_TABLA2,,
347,NIVEL_4_SUBCONJUNTO_NOMBRE_DIFUSO,"Tokens de nombre contenidos ('ANA PEREZ' <-> 'Ana Perez Forero'), emails: alejandro.marin.ch7@gmail.com vs amperezforero@gmail.com",6689,,ANA PEREZ,+573000001298,alejandro.marin.ch7@gmail.com,0,1,8762,3039,Ana Perez Forero,+573118372714,amperezforero@gmail.com,Estándar 65k (2 citas),Bogotá,29,SI_EMAIL_CORRIDO_TABLA2,,
348,NIVEL_4_SUBCONJUNTO_NOMBRE_DIFUSO,"Tokens de nombre contenidos ('PAULA ANDREA CARDOZO' <-> 'Paula Andrea Cardozo Montoya'), emails: analu-1993@hotmail.com vs paulacardozo444@hotmail.com",6698,,PAULA ANDREA CARDOZO,+573000001307,analu-1993@hotmail.com,0,2,11580,3020,Paula Andrea Cardozo Montoya,+573053815827,paulacardozo444@hotmail.com,65k (1 date),Cali,44,SI_EMAIL_CORRIDO_TABLA2,,
349,NIVEL_4_SUBCONJUNTO_NOMBRE_DIFUSO,"Tokens de nombre contenidos ('JULIETA BERNAL MAZZINO' <-> 'Julieta Bernal'), emails: nataliahoyos21@gmail.com vs julietabernal16@gmail.com",6704,,JULIETA BERNAL MAZZINO,+573000001313,nataliahoyos21@gmail.com,0,2,8600,2607,Julieta Bernal,+573102475250,julietabernal16@gmail.com,VIP 195k (5 citas),Bogotá,25,SI_EMAIL_CORRIDO_TABLA2,,
350,NIVEL_4_SUBCONJUNTO_NOMBRE_DIFUSO,"Tokens de nombre contenidos ('ANGIE PEREZ' <-> 'Angie Lorena Perez Martinez'), emails: yulit628@gmail.com vs angielorenap@icloud.com",6713,,ANGIE PEREZ,+573000001322,yulit628@gmail.com,0,1,8765,3044,Angie Lorena Perez Martinez,+573507942173,angielorenap@icloud.com,65k (1 date),Bogotá,29,SI_EMAIL_CORRIDO_TABLA2,,
351,NIVEL_4_SUBCONJUNTO_NOMBRE_DIFUSO,"Tokens de nombre contenidos ('ANGIE PEREZ' <-> 'Angie Lorena Perez Martinez'), emails: jcataes295@gmail.com vs angielorenap@icloud.com",6714,,ANGIE PEREZ,+573000001323,jcataes295@gmail.com,0,2,8765,3044,Angie Lorena Perez Martinez,+573507942173,angielorenap@icloud.com,65k (1 date),Bogotá,29,SI_EMAIL_CORRIDO_TABLA2,,
352,NIVEL_4_SUBCONJUNTO_NOMBRE_DIFUSO,"Tokens de nombre contenidos ('JANNETH LILIANA PEREZ' <-> 'JANNETH LILIANA Perez alvarez'), emails: lopeztatiana1020@gmail.com vs janneth.perez@gmail.com",6722,,JANNETH LILIANA PEREZ,+573000001331,lopeztatiana1020@gmail.com,0,2,8437,2111,JANNETH LILIANA Perez alvarez,+573014355032,janneth.perez@gmail.com,195k,Bogotá,52,SI_EMAIL_CORRIDO_TABLA2,,
353,NIVEL_4_SUBCONJUNTO_NOMBRE_DIFUSO,"Tokens de nombre contenidos ('SERGIO ACOSTA' <-> 'Sergio Acosta García'), emails: angelaforonda@gmail.com vs sergioacosta0407@gmail.com",6744,,SERGIO ACOSTA,+573000001353,angelaforonda@gmail.com,0,3,8837,3290,Sergio Acosta García,+523313076021,sergioacosta0407@gmail.com,98k (2 DATES),Medellín,59,SI_EMAIL_CORRIDO_TABLA2,,
354,NIVEL_4_SUBCONJUNTO_NOMBRE_DIFUSO,"Tokens de nombre contenidos ('ISABEL CAÑÓN' <-> 'Isabel Cañon Macias'), emails: mariana.calderon.rodriguez@gmail.com vs vacío",6760,,ISABEL CAÑÓN,+573000001369,mariana.calderon.rodriguez@gmail.com,0,1,8561,2528,Isabel Cañon Macias,+573246007197,,Estándar 65k (2 citas),Bogotá,33,SI_EMAIL_CORRIDO_TABLA2,,
355,NIVEL_4_SUBCONJUNTO_NOMBRE_DIFUSO,"Tokens de nombre contenidos ('JUAN DAVID HIGUERA' <-> 'Juan David Higuera Gonzalez'), emails: lczamc@gmail.com vs juandahi@gmail.com",6777,,JUAN DAVID HIGUERA,+573000001386,lczamc@gmail.com,0,2,8229,1363,Juan David Higuera Gonzalez,+50683495484,juandahi@gmail.com,Upgrade to VIP,Bogotá,36,SI_EMAIL_CORRIDO_TABLA2,,
356,NIVEL_4_SUBCONJUNTO_NOMBRE_DIFUSO,"Tokens de nombre contenidos ('GUILLERMO MOLINA' <-> 'Guillermo Leon Molina Gonzalez'), emails: vacío vs Gerencia.idh@gmail.com",6854,,GUILLERMO MOLINA,+573000001463,,0,1,8426,2088,Guillermo Leon Molina Gonzalez,+573005064359,Gerencia.idh@gmail.com,65k (2 dates),Medellín,44,SI_EMAIL_CORRIDO_TABLA2,,
357,NIVEL_4_SUBCONJUNTO_NOMBRE_DIFUSO,"Tokens de nombre contenidos ('Carlos Andres Ramirez' <-> 'Carlos Andres Ramirez Hamón'), emails: vacío vs andresramirez_07@hotmail.es",7164,,Carlos Andres Ramirez,+573000001773,,0,1,8104,856,Carlos Andres Ramirez Hamón,+573153269484,andresramirez_07@hotmail.es,"Plan Especial - $60,000 COP",Bogotá,31,SI_EMAIL_CORRIDO_TABLA2,,
358,NIVEL_4_SUBCONJUNTO_NOMBRE_DIFUSO,"Tokens de nombre contenidos ('Jose Ignacio Carrasquero' <-> 'Jose Ignacio Carrasquero Pinto'), emails: carolinasuarezparra@gmail.com vs jicarrasquerop@gmail.com",7177,,Jose Ignacio Carrasquero,+573000001786,carolinasuarezparra@gmail.com,0,2,8133,957,Jose Ignacio Carrasquero Pinto,+573005603872,jicarrasquerop@gmail.com,Estándar 65k (2 citas),Bogotá,28,SI_EMAIL_CORRIDO_TABLA2,,
359,NIVEL_4_SUBCONJUNTO_NOMBRE_DIFUSO,"Tokens de nombre contenidos ('Daniel Moreno' <-> 'Daniel Moreno Agudelo'), emails: vacío vs daniel.moreno@sabio.com.co",7195,,Daniel Moreno,+573000001804,,0,1,6074,,Daniel Moreno Agudelo,+573000000683,daniel.moreno@sabio.com.co,Estándar 65k (2 citas),Medellín,32,SI_EMAIL_CORRIDO_TABLA2,,
360,NIVEL_4_SUBCONJUNTO_NOMBRE_DIFUSO,"Tokens de nombre contenidos ('David Esteban Moreno' <-> 'David Esteban Moreno Alarcón'), emails: vacío vs davidesteban1389@gmail.com",7212,,David Esteban Moreno,+573000001821,,0,3,8175,1104,David Esteban Moreno Alarcón,+573002131206,davidesteban1389@gmail.com,Estándar 65k (2 citas),Bogotá,35,SI_EMAIL_CORRIDO_TABLA2,,
361,NIVEL_4_SUBCONJUNTO_NOMBRE_DIFUSO,"Tokens de nombre contenidos ('Mauricio Fernandez' <-> 'Mauricio Fernandez cardona'), emails: vacío vs maucardona@utp.edu.co",7231,,Mauricio Fernandez,+573000001840,,0,1,6462,,Mauricio Fernandez cardona,+573000001071,maucardona@utp.edu.co,Upgrade to VIP,Pereira,39,SI_EMAIL_CORRIDO_TABLA2,,
362,NIVEL_4_SUBCONJUNTO_NOMBRE_DIFUSO,"Tokens de nombre contenidos ('Ricardo Andres Blanco' <-> 'Ricardo Andres Blanco Quijano'), emails: daniela.nunez.avila@gmail.com vs r-blanco@javeriana.edu.co",7233,,Ricardo Andres Blanco,+573000001842,daniela.nunez.avila@gmail.com,0,3,6345,,Ricardo Andres Blanco Quijano,+573000000954,r-blanco@javeriana.edu.co,Estándar 65k (2 citas),Bogotá,41,SI_EMAIL_CORRIDO_TABLA2,,
363,NIVEL_4_SUBCONJUNTO_NOMBRE_DIFUSO,"Tokens de nombre contenidos ('Maria Lucia Mendoza' <-> 'Maria Lucia Mendoza Gomez'), emails: vacío vs marialu.mendoza@urosario.edu.co",7255,,Maria Lucia Mendoza,+573000001864,,0,1,8244,1432,Maria Lucia Mendoza Gomez,+573183112441,marialu.mendoza@urosario.edu.co,Estándar 65k (2 citas),Bogotá,20,SI_EMAIL_CORRIDO_TABLA2,,
364,NIVEL_4_SUBCONJUNTO_NOMBRE_DIFUSO,"Tokens de nombre contenidos ('Manuel Andrés Navarrete' <-> 'Manuel Andres Navarrete Puentes'), emails: brehynnermraz@gmail.com vs manuel.andres.navarrete@gmail.com",7259,,Manuel Andrés Navarrete,+573000001868,brehynnermraz@gmail.com,0,1,8241,1425,Manuel Andres Navarrete Puentes,+573003249033,manuel.andres.navarrete@gmail.com,65k (2 dates),Bogotá,43,SI_EMAIL_CORRIDO_TABLA2,,
365,NIVEL_4_SUBCONJUNTO_NOMBRE_DIFUSO,"Tokens de nombre contenidos ('Diana Alejandra Fonseca' <-> 'Diana Alejandra Fonseca Uribe'), emails: ana.suarez9356@gmail.com vs diana19.alejandra@gmail.com",7278,,Diana Alejandra Fonseca,+573000001887,ana.suarez9356@gmail.com,0,1,8239,1402,Diana Alejandra Fonseca Uribe,+573005710807,diana19.alejandra@gmail.com,Estándar 65k (2 citas),Bucaramanga,39,SI_EMAIL_CORRIDO_TABLA2,,
366,NIVEL_4_SUBCONJUNTO_NOMBRE_DIFUSO,"Tokens de nombre contenidos ('Maria Belen Gomez' <-> 'Maria Belen Gomez Ezqueda'), emails: morailana63@gmail.com vs maribeleng5@gmail.com",7280,,Maria Belen Gomez,+573000001889,morailana63@gmail.com,0,3,8274,1566,Maria Belen Gomez Ezqueda,+573158383227,maribeleng5@gmail.com,Estándar 65k (2 citas),Bogotá,23,SI_EMAIL_CORRIDO_TABLA2,,
367,NIVEL_4_SUBCONJUNTO_NOMBRE_DIFUSO,"Tokens de nombre contenidos ('Estefania Cardona' <-> 'Estefania Cardona Montoya'), emails: lauram137@hotmail.com vs estefa15cm@gmail.com",7304,,Estefania Cardona,+573000001913,lauram137@hotmail.com,0,1,8304,1651,Estefania Cardona Montoya,+573016178059,estefa15cm@gmail.com,Estándar 65k (2 citas),Medellín,24,SI_EMAIL_CORRIDO_TABLA2,,
368,NIVEL_4_SUBCONJUNTO_NOMBRE_DIFUSO,"Tokens de nombre contenidos ('Sebastian Galeano' <-> 'Sebastian Galeano Enciso'), emails: karitza93.ka@gmail.com vs sebastian.galeano.e@gmail.com",7306,,Sebastian Galeano,+573000001915,karitza93.ka@gmail.com,0,4,8326,1728,Sebastian Galeano Enciso,+573232529463,sebastian.galeano.e@gmail.com,Estándar 65k (2 citas),Bogotá,31,SI_EMAIL_CORRIDO_TABLA2,,
369,NIVEL_4_SUBCONJUNTO_NOMBRE_DIFUSO,"Tokens de nombre contenidos ('Sandra Milena Garcia' <-> 'Sandra Milena Garcia Paba'), emails: ojrb2013@gmail.com vs sandrygarp44@gmail.com",7315,,Sandra Milena Garcia,+573000001924,ojrb2013@gmail.com,0,2,8260,1517,Sandra Milena Garcia Paba,+573163118652,sandrygarp44@gmail.com,Estándar 65k (2 citas),Bogotá,40,SI_EMAIL_CORRIDO_TABLA2,,
370,NIVEL_4_SUBCONJUNTO_NOMBRE_DIFUSO,"Tokens de nombre contenidos ('Mónica Andrea Cardenas' <-> 'Monica Andrea Cardenas Molina'), emails: jacomorales26@outlook.com vs monicard_83@hotmail.com",7316,,Mónica Andrea Cardenas,+573000001925,jacomorales26@outlook.com,0,6,8311,1688,Monica Andrea Cardenas Molina,+573223113996,monicard_83@hotmail.com,VIP 195k (5 citas),Bogotá,41,SI_EMAIL_CORRIDO_TABLA2,,
371,NIVEL_4_SUBCONJUNTO_NOMBRE_DIFUSO,"Tokens de nombre contenidos ('Alejandro Caicedo' <-> 'Alejandro Caicedo Palacios'), emails: sebastianboterojimenez@gmail.com vs alejandrocaicedop05@gmail.con",7329,,Alejandro Caicedo,+573000001938,sebastianboterojimenez@gmail.com,0,2,8354,1797,Alejandro Caicedo Palacios,+573226431138,alejandrocaicedop05@gmail.con,40k,Cali,38,SI_EMAIL_CORRIDO_TABLA2,,
372,NIVEL_4_SUBCONJUNTO_NOMBRE_DIFUSO,"Tokens de nombre contenidos ('Juan Felipe Toro' <-> 'Juan Felipe Toro Salgado'), emails: vacío vs torosalgado.jt@gmail.com",7331,,Juan Felipe Toro,+573000001940,,0,2,8345,1764,Juan Felipe Toro Salgado,+13016049641,torosalgado.jt@gmail.com,Estándar 65k (2 citas),Bogotá,30,SI_EMAIL_CORRIDO_TABLA2,,
373,NIVEL_4_SUBCONJUNTO_NOMBRE_DIFUSO,"Tokens de nombre contenidos ('Natalia Sofia Toledo' <-> 'Natalia Sofia Toledo Ordóñez'), emails: julianricardo9@gmail.com vs nataliasofiatoledo@gmail.com",7337,,Natalia Sofia Toledo,+573000001946,julianricardo9@gmail.com,0,5,8344,1761,Natalia Sofia Toledo Ordóñez,+573138928126,nataliasofiatoledo@gmail.com,Estándar 65k (2 citas),Bogotá,35,SI_EMAIL_CORRIDO_TABLA2,,
374,NIVEL_4_SUBCONJUNTO_NOMBRE_DIFUSO,"Tokens de nombre contenidos ('Hernàn Ricardo Cristancho' <-> 'Hernan Ricardo Cristancho Salazar'), emails: martinezcastromariajose9@gmail.com vs hernanricardocristanco@gmail.com",7341,,Hernàn Ricardo Cristancho,+573000001950,martinezcastromariajose9@gmail.com,0,2,8352,1791,Hernan Ricardo Cristancho Salazar,+573108126843,hernanricardocristanco@gmail.com,Estándar 65k (2 citas),Bogotá,36,SI_EMAIL_CORRIDO_TABLA2,,
375,NIVEL_4_SUBCONJUNTO_NOMBRE_DIFUSO,"Tokens de nombre contenidos ('Hernàn Ricardo Cristancho' <-> 'Hernan Ricardo Cristancho Salazar'), emails: sss-samanda@hotmail.com vs hernanricardocristanco@gmail.com",7342,,Hernàn Ricardo Cristancho,+573000001951,sss-samanda@hotmail.com,0,1,8352,1791,Hernan Ricardo Cristancho Salazar,+573108126843,hernanricardocristanco@gmail.com,Estándar 65k (2 citas),Bogotá,36,SI_EMAIL_CORRIDO_TABLA2,,
376,NIVEL_4_SUBCONJUNTO_NOMBRE_DIFUSO,"Tokens de nombre contenidos ('Adriana Perdomo' <-> 'Adriana Perdomo Martinez'), emails: vacío vs auditora.apm@gmail.com",7359,,Adriana Perdomo,+573000001968,,0,1,11070,2142,Adriana Perdomo Martinez,+573006093011,auditora.apm@gmail.com,Estándar 65k (2 citas),Cali,46,SI_EMAIL_CORRIDO_TABLA2,,
377,NIVEL_4_SUBCONJUNTO_NOMBRE_DIFUSO,"Tokens de nombre contenidos ('Juan Manuel Ramos' <-> 'Juan Manuel Ramos Pedroza'), emails: valeriapajaro01@gmail.com vs juanma101193@gmail.com",7360,,Juan Manuel Ramos,+573000001969,valeriapajaro01@gmail.com,0,1,8394,1955,Juan Manuel Ramos Pedroza,+573133707888,juanma101193@gmail.com,40k,Bogotá,32,SI_EMAIL_CORRIDO_TABLA2,,
378,NIVEL_4_SUBCONJUNTO_NOMBRE_DIFUSO,"Tokens de nombre contenidos ('Karen Romero' <-> 'Karen Romero Rojas'), emails: natalia.gbautista@gmail.com vs karene9409@gmail.com",7368,,Karen Romero,+573000001977,natalia.gbautista@gmail.com,0,2,8417,2063,Karen Romero Rojas,+573132765500,karene9409@gmail.com,Estándar 65k (2 citas),Bogotá,31,SI_EMAIL_CORRIDO_TABLA2,,
379,NIVEL_4_SUBCONJUNTO_NOMBRE_DIFUSO,"Tokens de nombre contenidos ('María Camila Hernandez' <-> 'Maria Camila Hernandez Martinez'), emails: fedexy2k@gmail.com vs maca34830@gmail.com",7370,,María Camila Hernandez,+573000001979,fedexy2k@gmail.com,0,1,8434,2100,Maria Camila Hernandez Martinez,+573214689320,maca34830@gmail.com,65k (2 dates),Bogotá,23,SI_EMAIL_CORRIDO_TABLA2,,
380,NIVEL_4_SUBCONJUNTO_NOMBRE_DIFUSO,"Tokens de nombre contenidos ('Jhon Anderson Lozano' <-> 'Jhon Anderson Lozano Sierra'), emails: yami7cruz@hotmail.com vs jhonlozanosierra2@gmail.com",7386,,Jhon Anderson Lozano,+573000001995,yami7cruz@hotmail.com,0,1,8456,2177,Jhon Anderson Lozano Sierra,+573115626215,jhonlozanosierra2@gmail.com,Básico 40k,Bogotá,28,SI_EMAIL_CORRIDO_TABLA2,,
381,NIVEL_4_SUBCONJUNTO_NOMBRE_DIFUSO,"Tokens de nombre contenidos ('Magda Carolina Pedrozo' <-> 'Magda Carolina Pedrozo Sanchez'), emails: vacío vs magdacarolina@msn.com",7399,,Magda Carolina Pedrozo,+573000002008,,0,2,8494,2353,Magda Carolina Pedrozo Sanchez,+573188621691,magdacarolina@msn.com,Estándar 65k (2 citas),Bogotá,38,SI_EMAIL_CORRIDO_TABLA2,,
382,NIVEL_4_SUBCONJUNTO_NOMBRE_DIFUSO,"Tokens de nombre contenidos ('Valia Parra' <-> 'Valia Parra Valdez'), emails: vacío vs valiaparra25@gmail.com",7428,,Valia Parra,+573000002037,,0,4,8519,2459,Valia Parra Valdez,+573164907139,valiaparra25@gmail.com,98k (2 DATES),Barranquilla,30,SI_EMAIL_CORRIDO_TABLA2,,
383,NIVEL_4_SUBCONJUNTO_NOMBRE_DIFUSO,"Tokens de nombre contenidos ('Juan Pablo Mendoza' <-> 'Juan Pablo Mendoza Riveros'), emails: vargaslozanovictor47@gmail.com vs zuerte630@gmail.com",7463,,Juan Pablo Mendoza,+573000002072,vargaslozanovictor47@gmail.com,0,5,8730,2905,Juan Pablo Mendoza Riveros,+573125759034,zuerte630@gmail.com,Estándar 65k (2 citas),Medellín,22,SI_EMAIL_CORRIDO_TABLA2,,
384,NIVEL_4_SUBCONJUNTO_NOMBRE_DIFUSO,"Tokens de nombre contenidos ('Laura Guevara' <-> 'Laura Guevara Gomez'), emails: jose@turecarga.com vs lauragyevaragomez@gmail.com",7473,,Laura Guevara,+573000002082,jose@turecarga.com,0,2,8732,2908,Laura Guevara Gomez,+573142692678,lauragyevaragomez@gmail.com,195k,Bogotá,33,SI_EMAIL_CORRIDO_TABLA2,,
385,NIVEL_4_SUBCONJUNTO_NOMBRE_DIFUSO,"Tokens de nombre contenidos ('Gian Carlo Celia' <-> 'Gian Carlo Celia Gentile'), emails: vacío vs giancelia@hotmail.com",7491,,Gian Carlo Celia,+573000002100,,0,2,8753,3010,Gian Carlo Celia Gentile,+573215687308,giancelia@hotmail.com,Premium,Bogotá,27,SI_EMAIL_CORRIDO_TABLA2,,
386,NIVEL_4_SUBCONJUNTO_NOMBRE_DIFUSO,"Tokens de nombre contenidos ('Juan carlos Gomez' <-> 'JUAN CARLOS GOMEZ BRICEÑO'), emails: gabisanpar@gmail.com vs jgjuancarlogomez@gmail.com",7513,,Juan carlos Gomez,+573000002122,gabisanpar@gmail.com,0,3,8741,2946,JUAN CARLOS GOMEZ BRICEÑO,+573154016779,jgjuancarlogomez@gmail.com,Estándar 65k (2 citas),Bogotá,28,SI_EMAIL_CORRIDO_TABLA2,,
387,NIVEL_4_SUBCONJUNTO_NOMBRE_DIFUSO,"Tokens de nombre contenidos ('Janneth Liliana Perez' <-> 'JANNETH LILIANA Perez alvarez'), emails: vacío vs janneth.perez@gmail.com",7569,,Janneth Liliana Perez,+573000002178,,0,1,8437,2111,JANNETH LILIANA Perez alvarez,+573014355032,janneth.perez@gmail.com,195k,Bogotá,52,SI_EMAIL_CORRIDO_TABLA2,,
388,NIVEL_4_SUBCONJUNTO_NOMBRE_DIFUSO,"Tokens de nombre contenidos ('Andrea Gaviria' <-> 'Andrea Duque Gaviria'), emails: vacío vs andreaduke@gmail.com",7573,,Andrea Gaviria,+573000002182,,0,1,8750,2990,Andrea Duque Gaviria,+573217637870,andreaduke@gmail.com,VIP 195k (5 citas),Bogotá,46,SI_EMAIL_CORRIDO_TABLA2,,
389,NIVEL_4_SUBCONJUNTO_NOMBRE_DIFUSO,"Tokens de nombre contenidos ('Alejandro Zuluaga' <-> 'Alejandro Zuluaga soler'), emails: vacío vs jeffer.0312@hotmail.com",7637,,Alejandro Zuluaga,+573000002246,,0,1,8769,3061,Alejandro Zuluaga soler,+573057922530,jeffer.0312@hotmail.com,Estándar 65k (2 citas),Bogotá,31,SI_EMAIL_CORRIDO_TABLA2,,
390,NIVEL_4_SUBCONJUNTO_NOMBRE_DIFUSO,"Tokens de nombre contenidos ('Kevin Felipe Rincon' <-> 'Kevin Felipe Rincon Torres'), emails: vacío vs keferito322@gmail.com",7638,,Kevin Felipe Rincon,+573000002247,,0,1,8836,3289,Kevin Felipe Rincon Torres,+573012767204,keferito322@gmail.com,98k (2 DATES),Bogotá,22,SI_EMAIL_CORRIDO_TABLA2,,
391,NIVEL_4_SUBCONJUNTO_NOMBRE_DIFUSO,"Tokens de nombre contenidos ('Sergio Acosta' <-> 'Sergio Acosta García'), emails: vacío vs sergioacosta0407@gmail.com",7647,,Sergio Acosta,+573000002256,,0,2,8837,3290,Sergio Acosta García,+523313076021,sergioacosta0407@gmail.com,98k (2 DATES),Medellín,59,SI_EMAIL_CORRIDO_TABLA2,,
392,NIVEL_4_SUBCONJUNTO_NOMBRE_DIFUSO,"Tokens de nombre contenidos ('Maria Camila Cabrera' <-> 'Maria Camila Cabrera Garcia'), emails: vacío vs mariacamilacabreragarcia.25@gmail.com",7703,,Maria Camila Cabrera,+573000002312,,0,1,8829,3278,Maria Camila Cabrera Garcia,+573012577852,mariacamilacabreragarcia.25@gmail.com,VIP 195k,Barranquilla,31,SI_EMAIL_CORRIDO_TABLA2,,
393,NIVEL_4_SUBCONJUNTO_NOMBRE_DIFUSO,"Tokens de nombre contenidos ('Andrea carreño' <-> 'Andrea Carreño Lozano'), emails: vacío vs anpicalo@gmail.com",7721,,Andrea carreño,+573000002330,,0,1,8806,3197,Andrea Carreño Lozano,+573001851240,anpicalo@gmail.com,Estándar 65k (2 citas),Bogotá,40,SI_EMAIL_CORRIDO_TABLA2,,
394,NIVEL_4_SUBCONJUNTO_NOMBRE_DIFUSO,"Tokens de nombre contenidos ('Jose javier chacon' <-> 'Jose Javier Chacón Rojo'), emails: vacío vs chaconrojo312@gmail.com",7760,,Jose javier chacon,+573000002369,,0,4,8948,3542,Jose Javier Chacón Rojo,+573212821890,chaconrojo312@gmail.com,Estándar 65k (2 citas),Bogotá,28,SI_EMAIL_CORRIDO_TABLA2,,
395,NIVEL_4_SUBCONJUNTO_NOMBRE_DIFUSO,"Tokens de nombre contenidos ('Hollman monroy' <-> 'HOLLMAN RENE MONROY ZAPATA'), emails: vacío vs hollmanmonroy@hotmail.com",7774,,Hollman monroy,+573000002383,,0,2,8963,3575,HOLLMAN RENE MONROY ZAPATA,+573106135995,hollmanmonroy@hotmail.com,195k,Bogotá,44,SI_EMAIL_CORRIDO_TABLA2,,
396,NIVEL_4_SUBCONJUNTO_NOMBRE_DIFUSO,"Tokens de nombre contenidos ('Juan David Ramirez Jimenez' <-> 'Juan David Ramírez'), emails: judramirezj@gmail.com vs juandara_06@hotmail.com",7929,365,Juan David Ramirez Jimenez,+573174417814,judramirezj@gmail.com,0,1,9716,4075,Juan David Ramírez,+573112878756,juandara_06@hotmail.com,Estándar 65k (2 citas),Bogotá,28,NO,,
397,NIVEL_4_SUBCONJUNTO_NOMBRE_DIFUSO,"Tokens de nombre contenidos ('Wilfredo Roberto Meneses' <-> 'Wilfredo Roberto'), emails: vacío vs wilrober01@hotmail.com",9276,,Wilfredo Roberto Meneses,GEN_856_1787067790,,0,2,8219,1337,Wilfredo Roberto,+573103442050,wilrober01@hotmail.com,Estándar 65k (2 citas),Bogotá,41,NO,,
398,NIVEL_4_SUBCONJUNTO_NOMBRE_DIFUSO,"Tokens de nombre contenidos ('Kelly Gonzalez' <-> 'Kelly Gonzalez Payares'), emails: vacío vs kgonzalezpayares@gmail.com",9282,,Kelly Gonzalez,GEN_2541_1787067792,,0,1,8962,3574,Kelly Gonzalez Payares,+573122169686,kgonzalezpayares@gmail.com,195k,Bogotá,33,NO,,
399,NIVEL_4_SUBCONJUNTO_NOMBRE_DIFUSO,"Tokens de nombre contenidos ('Johana Patricia Castañeda' <-> 'Johana Patricia Castañeda bautista'), emails: vacío vs c_patricia88@hotmail.es",9305,,Johana Patricia Castañeda,GEN_2616_1787067792,,0,1,9130,3785,Johana Patricia Castañeda bautista,+573123694343,c_patricia88@hotmail.es,195k,Bogotá,37,NO,,
400,NIVEL_4_SUBCONJUNTO_NOMBRE_DIFUSO,"Tokens de nombre contenidos ('Arlinsson Ortega' <-> 'Arlinsson Ortega chavarro'), emails: vacío vs arlinson94@hotmail.com",9309,,Arlinsson Ortega,GEN_2629_1787067792,,0,1,9166,3821,Arlinsson Ortega chavarro,+573228202820,arlinson94@hotmail.com,Estándar 65k (2 citas),Medellín,32,NO,,
401,NIVEL_4_SUBCONJUNTO_NOMBRE_DIFUSO,"Tokens de nombre contenidos ('andres perez' <-> 'Andrés Pérez Ardila'), emails: andres.perez0425@gmail.com vs ana_maria22_ayala@hotmail.com",9344,,andres perez,GEN_2720_1787067792,andres.perez0425@gmail.com,0,1,9935,148,Andrés Pérez Ardila,+13125802665,ana_maria22_ayala@hotmail.com,40k,Bogotá,28,NO,,
402,NIVEL_4_SUBCONJUNTO_NOMBRE_DIFUSO,"Tokens de nombre contenidos ('Juan Diego' <-> 'Juan Diego Hernandez Estupiñan'), emails: vacío vs jdheres@hotmail.com",14327,,Juan Diego,GEN_1fb62388e016,,1,1,5999,,Juan Diego Hernandez Estupiñan,+573000000608,jdheres@hotmail.com,98k (2 DATES),Bogotá,25,NO,,
403,NIVEL_4_SUBCONJUNTO_NOMBRE_DIFUSO,"Tokens de nombre contenidos ('Alejandra Aguilar' <-> 'Alejandra Aguilar Rincon'), emails: vacío vs jandra177@hotmail.com",14343,,Alejandra Aguilar,GEN_493e76af3b5c,,0,1,8068,741,Alejandra Aguilar Rincon,+573017382225,jandra177@hotmail.com,Estándar 65k (2 citas),Medellín,39,NO,,
404,NIVEL_4_SUBCONJUNTO_NOMBRE_DIFUSO,"Tokens de nombre contenidos ('Laura Silvana Leal' <-> 'Laura Silvana Leal Ramos'), emails: vacío vs lau.silvanaleal@gmail.com",14349,,Laura Silvana Leal,GEN_52eea0efaa17,,0,3,7976,515,Laura Silvana Leal Ramos,+573213941669,lau.silvanaleal@gmail.com,40k,Bogotá,27,NO,,
405,NIVEL_4_SUBCONJUNTO_NOMBRE_DIFUSO,"Tokens de nombre contenidos ('Karen Andrea Niño' <-> 'Karen Andrea Niño Angulo'), emails: vacío vs vacío",14358,,Karen Andrea Niño,GEN_cae2d6e43bf0,,0,1,9430,1115,Karen Andrea Niño Angulo,+570000001115,,Estándar 65k (2 citas),Bogotá,28,NO,,
406,NIVEL_4_SUBCONJUNTO_NOMBRE_DIFUSO,"Tokens de nombre contenidos ('Daniela Leon Angulo' <-> 'Daniela Leon'), emails: vacío vs leondaniela.a@gmail.com",14371,,Daniela Leon Angulo,GEN_550adb944d81,,0,2,6368,,Daniela Leon,+573000000977,leondaniela.a@gmail.com,Estándar 65k (2 citas),Miami,36,NO,,
407,NIVEL_4_SUBCONJUNTO_NOMBRE_DIFUSO,"Tokens de nombre contenidos ('Ana Vega VIP' <-> 'Ana Vega'), emails: vacío vs jovega924@hotmail.com",14375,,Ana Vega VIP,GEN_45573a705e96,,0,1,5420,,Ana Vega,+31431684829,jovega924@hotmail.com,150k,Bogotá,40,NO,,
408,NIVEL_4_SUBCONJUNTO_NOMBRE_DIFUSO,"Tokens de nombre contenidos ('Paola Ramirez' <-> 'Paola Ramirez Aristizabal'), emails: paolita256@gmail.com vs paola26777@hotmail.com",14387,3423,Paola Ramirez,GEN_c8579aa6c3e0,paolita256@gmail.com,1,2,8628,2649,Paola Ramirez Aristizabal,+573013613827,paola26777@hotmail.com,195k,Medellín,42,NO,,
409,NIVEL_4_SUBCONJUNTO_NOMBRE_DIFUSO,"Tokens de nombre contenidos ('Maria Constanza Pineda' <-> 'Maria Constanza Pineda Vargas'), emails: vacío vs copineda62@gmail.com",14390,,Maria Constanza Pineda,GEN_e187f6ad88af,,0,1,8707,2818,Maria Constanza Pineda Vargas,+573214610587,copineda62@gmail.com,Estándar 65k (2 citas),Bogotá,63,NO,,
410,NIVEL_4_SUBCONJUNTO_NOMBRE_DIFUSO,"Tokens de nombre contenidos ('Camilo Jose Vargas' <-> 'Camilo Jose Vargas Patiño'), emails: vacío vs camilojvargas@gmail.com",14393,,Camilo Jose Vargas,GEN_ff7fdb185ed7,,0,3,8507,2408,Camilo Jose Vargas Patiño,+573154985741,camilojvargas@gmail.com,Estándar 65k (2 citas),Bogotá,28,NO,,
411,NIVEL_4_SUBCONJUNTO_NOMBRE_DIFUSO,"Tokens de nombre contenidos ('Luis Felipe Garcia' <-> 'LUIS FELIPE GARCIA MONTOYA'), emails: vacío vs LFGARCIAM25@GMAIL.COM",14398,,Luis Felipe Garcia,GEN_9c29081547af,,0,1,8807,3200,LUIS FELIPE GARCIA MONTOYA,+573008418408,LFGARCIAM25@GMAIL.COM,Estándar 65k (2 citas),Cali,35,NO,,
412,NIVEL_2_EMAIL_EXACTO_TARJETAHABIENTE_O_TERCERO_REVISAR,"Mismo email exacto (mcarvajalrico@gmail.com), pero nombre distinto en Stripe/CRM (A='Lesly Suarez' vs B='Mariana Carvajal Rico') — posible tarjetahabiente, razón social o pareja",8007,600,Lesly Suarez,+573507205418,mcarvajalrico@gmail.com,0,0,8111,887,Mariana Carvajal Rico,+573114492249,mcarvajalrico@gmail.com,Estándar 65k (2 citas),Bogotá,33,NO,,
413,NIVEL_2_EMAIL_EXACTO_TARJETAHABIENTE_O_TERCERO_REVISAR,"Mismo email exacto (mairadalgado2003@gmail.com), pero nombre distinto en Stripe/CRM (A='María Alejandra Salgado' vs B='Natalia Ximena Giraldo Palacios') — posible tarjetahabiente, razón social o pareja",12293,350,María Alejandra Salgado,+573213174044,mairadalgado2003@gmail.com,0,0,5387,,Natalia Ximena Giraldo Palacios,+32131740449,mairadalgado2003@gmail.com,Estándar 65k (2 citas),Manizales,28,NO,,
414,NIVEL_2_EMAIL_EXACTO_TARJETAHABIENTE_O_TERCERO_REVISAR,"Mismo email exacto (camiperezbejarano@gmail.com), pero nombre distinto en Stripe/CRM (A='Camila Perez' vs B='Estefania Campos') — posible tarjetahabiente, razón social o pareja",12304,388,Camila Perez,+573142632828,camiperezbejarano@gmail.com,0,0,5392,,Estefania Campos,+31426328289,camiperezbejarano@gmail.com,Estándar 65k (2 citas),Bogotá,32,NO,,
415,NIVEL_2_EMAIL_EXACTO_TARJETAHABIENTE_O_TERCERO_REVISAR,"Mismo email exacto (cami_bi95@hotmail.com), pero nombre distinto en Stripe/CRM (A='Maria Camila Baquero' vs B='Natalia Ximena Giraldo Palacios') — posible tarjetahabiente, razón social o pareja",12308,397,Maria Camila Baquero,+573014390633,Cami_bi95@hotmail.com,0,0,5389,,Natalia Ximena Giraldo Palacios,+30143906339,cami_bi95@hotmail.com,Estándar 65k (2 citas),Manizales,28,NO,,
416,NIVEL_2_EMAIL_EXACTO_TARJETAHABIENTE_O_TERCERO_REVISAR,"Mismo email exacto (lauravdiazriveros@gmail.com), pero nombre distinto en Stripe/CRM (A='Laura Diaz' vs B='Natalia Ximena Giraldo Palacios') — posible tarjetahabiente, razón social o pareja",13555,3694,Laura Diaz,+573115397524,lauravdiazriveros@gmail.com,0,0,5385,,Natalia Ximena Giraldo Palacios,+30146006049,lauravdiazriveros@gmail.com,Estándar 65k (2 citas),Bogotá,25,NO,,
417,NIVEL_4_HOMONIMO_O_EMAIL_DISTINTO_REVISAR,Nombre de 2 palabras igual ('unknown') pero emails distintos (constanza.vargas@cundinamarca.gov.co vs juanferodmelo@gmail.com) — posible homónimo o segundo correo,8717,2854,unknown,+573108197600,constanza.vargas@cundinamarca.gov.co,0,0,9467,2635,unknown,+573106755789,juanferodmelo@gmail.com,Estándar 65k (2 citas),Madrid,25,NO,,
418,NIVEL_4_HOMONIMO_O_EMAIL_DISTINTO_REVISAR,Nombre de 2 palabras igual ('unknown') pero emails distintos (dani.isaza.castro@gmail.com vs juanferodmelo@gmail.com) — posible homónimo o segundo correo,8854,3339,unknown,+573115056568,dani.isaza.castro@gmail.com,0,0,9467,2635,unknown,+573106755789,juanferodmelo@gmail.com,Estándar 65k (2 citas),Madrid,25,NO,,
419,NIVEL_4_HOMONIMO_O_EMAIL_DISTINTO_REVISAR,Nombre de 2 palabras igual ('unknown') pero emails distintos (alejandrodelcastillo10@gmail.com vs juanferodmelo@gmail.com) — posible homónimo o segundo correo,8900,3425,unknown,+573163296556,alejandrodelcastillo10@gmail.com,0,0,9467,2635,unknown,+573106755789,juanferodmelo@gmail.com,Estándar 65k (2 citas),Madrid,25,NO,,
420,NIVEL_4_HOMONIMO_O_EMAIL_DISTINTO_REVISAR,Nombre de 2 palabras igual ('unknown') pero emails distintos (esteban.marin@live.com vs juanferodmelo@gmail.com) — posible homónimo o segundo correo,8903,3430,unknown,+573123832951,esteban.marin@live.com,0,0,9467,2635,unknown,+573106755789,juanferodmelo@gmail.com,Estándar 65k (2 citas),Madrid,25,NO,,
421,NIVEL_4_HOMONIMO_O_EMAIL_DISTINTO_REVISAR,Nombre de 2 palabras igual ('María Peña') pero emails distintos (marialepq1202@gmail.com vs maria.angelesrodr@gmail.com) — posible homónimo o segundo correo,9381,586,María Peña,+573153561600,marialepq1202@gmail.com,0,0,13200,2815,Maria Peña,+573112430915,maria.angelesrodr@gmail.com,Estándar 65k (2 citas),Bogotá,55,NO,,
422,NIVEL_4_HOMONIMO_O_EMAIL_DISTINTO_REVISAR,Nombre de 2 palabras igual ('unknown') pero emails distintos (constanza.vargas@cundinamarca.gov.co vs juanferodmelo@gmail.com) — posible homónimo o segundo correo,11680,3147,unknown,+573000003147,constanza.vargas@cundinamarca.gov.co,0,0,9467,2635,unknown,+573106755789,juanferodmelo@gmail.com,Estándar 65k (2 citas),Madrid,25,SI_EMAIL_CORRIDO_TABLA2,,
423,NIVEL_4_HOMONIMO_O_EMAIL_DISTINTO_REVISAR,Nombre de 2 palabras igual ('unknown') pero emails distintos (constanza.vargas@cundinamarca.gov.co vs juanferodmelo@gmail.com) — posible homónimo o segundo correo,11910,3508,unknown,+573000003508,constanza.vargas@cundinamarca.gov.co,0,0,9467,2635,unknown,+573106755789,juanferodmelo@gmail.com,Estándar 65k (2 citas),Madrid,25,SI_EMAIL_CORRIDO_TABLA2,,
424,NIVEL_4_HOMONIMO_O_EMAIL_DISTINTO_REVISAR,Nombre de 2 palabras igual ('unknown') pero emails distintos (constanza.vargas@cundinamarca.gov.co vs juanferodmelo@gmail.com) — posible homónimo o segundo correo,13142,2693,unknown,+573000002693,constanza.vargas@cundinamarca.gov.co,0,0,9467,2635,unknown,+573106755789,juanferodmelo@gmail.com,Estándar 65k (2 citas),Madrid,25,SI_EMAIL_CORRIDO_TABLA2,,
425,NIVEL_4_HOMONIMO_O_EMAIL_DISTINTO_REVISAR,Nombre de 2 palabras igual ('unknown') pero emails distintos (constanza.vargas@cundinamarca.gov.co vs juanferodmelo@gmail.com) — posible homónimo o segundo correo,13509,3456,unknown,+573000003456,constanza.vargas@cundinamarca.gov.co,0,0,9467,2635,unknown,+573106755789,juanferodmelo@gmail.com,Estándar 65k (2 citas),Madrid,25,SI_EMAIL_CORRIDO_TABLA2,,
426,NIVEL_4_HOMONIMO_O_EMAIL_DISTINTO_REVISAR,Nombre de 2 palabras igual ('unknown') pero emails distintos (constanza.vargas@cundinamarca.gov.co vs juanferodmelo@gmail.com) — posible homónimo o segundo correo,13548,3557,unknown,+573000003557,constanza.vargas@cundinamarca.gov.co,0,0,9467,2635,unknown,+573106755789,juanferodmelo@gmail.com,Estándar 65k (2 citas),Madrid,25,SI_EMAIL_CORRIDO_TABLA2,,
427,NIVEL_4_SIMILITUD_NOMBRE_DIFUSO,"Similitud ortográfica 90% ('JUAN SEBASTIÁN LOPEZ' <-> 'Juan sebastian Gomez'), emails: juanslopezc@proton.me vs sebasosorio11@hotmail.com",6528,,JUAN SEBASTIÁN LOPEZ,+573000001137,juanslopezc@proton.me,0,1,6077,,Juan sebastian Gomez,+573000000686,sebasosorio11@hotmail.com,Estándar 65k (2 citas),Bogotá,29,SI_EMAIL_CORRIDO_TABLA2,,
428,NIVEL_4_SIMILITUD_NOMBRE_DIFUSO,"Similitud ortográfica 92% ('Juan Martínez' <-> 'Joan Martinez'), emails: juansemg92@gmail.com vs joan.mzmo@gmail.com",7826,900,Juan Martínez,+573213438626,juansemg92@gmail.com,0,0,12273,281,Joan Martinez,+573013704779,joan.mzmo@gmail.com,40k,Bogotá,28,NO,,
429,NIVEL_4_SIMILITUD_NOMBRE_DIFUSO,"Similitud ortográfica 92% ('Daniel Villa' <-> 'Daniel Avila'), emails: danielvilla_07@hotmail.com vs daniel.avilag@hotmail.com",7975,510,Daniel Villa,+573105607126,danielvilla_07@hotmail.com,0,0,6321,,Daniel Avila,+573000000930,daniel.avilag@hotmail.com,Estándar 65k (2 citas),Bogotá,29,NO,,
430,NIVEL_4_SIMILITUD_NOMBRE_DIFUSO,"Similitud ortográfica 92% ('Monica Parrado' <-> 'Monica Parra'), emails: monipd2490@gmail.com vs monicaparra45@hotmail.com",8359,1823,Monica Parrado,+573104194821,monipd2490@gmail.com,0,0,9547,2810,Monica Parra,+573013320271,monicaparra45@hotmail.com,98k (2 DATES),Bogotá,36,NO,,
431,NIVEL_4_SIMILITUD_NOMBRE_DIFUSO,"Similitud ortográfica 97% ('Daniela Jaramillo' <-> 'DANIEL JARAMILLO'), emails: danielajaramillog85@gmail.com vs juliango94@gmail.com",8387,1937,Daniela Jaramillo,+573145954182,danielajaramillog85@gmail.com,0,0,6609,,DANIEL JARAMILLO,+573000001218,juliango94@gmail.com,65k (2 dates),Bucaramanga,32,NO,,
432,NIVEL_4_SIMILITUD_NOMBRE_DIFUSO,"Similitud ortográfica 92% ('Sandra Torres' <-> 'Andrea Torres'), emails: vacío vs chicaguccioficial@gmail.com",8641,2670,Sandra Torres,+573123073833,,0,0,12767,1585,Andrea Torres,+573172320017,chicaguccioficial@gmail.com,65k (2 dates),Sincelejo,29,NO,,
433,NIVEL_4_SIMILITUD_NOMBRE_DIFUSO,"Similitud ortográfica 98% ('IsabelChaparro Madiedo' <-> 'Isabel Chaparro Madiedo'), emails: isichm@hotmail.com vs vacío",8819,3254,IsabelChaparro Madiedo,+13153941887,isichm@hotmail.com,0,0,15516,,Isabel Chaparro Madiedo,WA_9b3844cd0ddd,,Estándar 65k (2 citas),Bogotá,,NO,,
434,NIVEL_4_SIMILITUD_NOMBRE_DIFUSO,"Similitud ortográfica 91% ('Catalina C' <-> 'Catalina Coy'), emails: reforme_pelerin.1a@icloud.com vs danilovelga4747@gmail.com",9076,3725,Catalina C,+573005568874,reforme_pelerin.1a@icloud.com,0,0,5511,,Catalina Coy,+573000000121,danilovelga4747@gmail.com,1 o 2,Bogotá,43,NO,,
435,NIVEL_4_SIMILITUD_NOMBRE_DIFUSO,"Similitud ortográfica 91% ('Lina Ramos' <-> 'ELIANA RAMOS'), emails: lina.24.15.lmrd@gmail.com vs eliana.ramoz@gmail.com",13796,4322,Lina Ramos,+573137366435,lina.24.15.lmrd@gmail.com,0,0,6584,,ELIANA RAMOS,+573000001193,eliana.ramoz@gmail.com,65k (2 dates),Bogotá,24,NO,,
436,NIVEL_4_SUBCONJUNTO_NOMBRE_DIFUSO,"Tokens de nombre contenidos ('Camilo Trinidad  (VIP)' <-> 'Camilo Trinidad'), emails: mariac.barraganc@outlook.com vs camilo@qqss.com.co",5732,,Camilo Trinidad  (VIP),+573000000341,mariac.barraganc@outlook.com,0,1,8480,2264,Camilo Trinidad,+573102064466,camilo@qqss.com.co,Estándar 65k (2 citas),Bogotá,46,SI_EMAIL_CORRIDO_TABLA2,,
437,NIVEL_4_SUBCONJUNTO_NOMBRE_DIFUSO,"Tokens de nombre contenidos ('Miguel Hernando Rivera Becerra (VIP)' <-> 'Miguel Hernando Rivera Becerra'), emails: vacío vs miguelh.riverabe2005@gmail.com",5774,,Miguel Hernando Rivera Becerra (VIP),+573000000383,,0,1,12321,472,Miguel Hernando Rivera Becerra,+573209227080,miguelh.riverabe2005@gmail.com,VIP 195k,Bogotá,38,SI_EMAIL_CORRIDO_TABLA2,,
438,NIVEL_4_SUBCONJUNTO_NOMBRE_DIFUSO,"Tokens de nombre contenidos ('Miguel Hernando Rivera Becerra (VIP)' <-> 'Miguel Hernando Rivera Becerra'), emails: daniel.sarmiento1597@gmail.com vs miguelh.riverabe2005@gmail.com",5775,,Miguel Hernando Rivera Becerra (VIP),+573000000384,daniel.sarmiento1597@gmail.com,0,1,12321,472,Miguel Hernando Rivera Becerra,+573209227080,miguelh.riverabe2005@gmail.com,VIP 195k,Bogotá,38,SI_EMAIL_CORRIDO_TABLA2,,
439,NIVEL_4_SUBCONJUNTO_NOMBRE_DIFUSO,"Tokens de nombre contenidos ('Julian Steven Cifuentes' <-> 'Julian Cifuentes'), emails: d.sepulvedav@outlook.com vs julianstevencll@hotmail.com",5797,756,Julian Steven Cifuentes,+573000000406,d.sepulvedav@outlook.com,0,0,8636,2665,Julian Cifuentes,+573045382162,julianstevencll@hotmail.com,new lead,Bogotá,25,SI_EMAIL_CORRIDO_TABLA2,,
440,NIVEL_4_SUBCONJUNTO_NOMBRE_DIFUSO,"Tokens de nombre contenidos ('Camila Rodriguez Gasca VIP' <-> 'Camila RodrIguez Gasca'), emails: paula.daniela.sarmiento@hotmail.com vs camilargasca@hotmail.com",5825,,Camila Rodriguez Gasca VIP,+573000000434,paula.daniela.sarmiento@hotmail.com,0,1,13314,3008,Camila RodrIguez Gasca,+573176366718,camilargasca@hotmail.com,VIP 195k,Cali,30,SI_EMAIL_CORRIDO_TABLA2,,
441,NIVEL_4_SUBCONJUNTO_NOMBRE_DIFUSO,"Tokens de nombre contenidos ('Camilo Saavedra' <-> 'Camilo Saavedra Gonzalez'), emails: herrera.santiago830@gmail.com vs saacam@gmail.com",5937,4316,Camilo Saavedra,+573000000546,herrera.santiago830@gmail.com,0,0,9125,3780,Camilo Saavedra Gonzalez,+573105610783,saacam@gmail.com,Estándar 65k (2 citas),Bogotá,50,SI_EMAIL_CORRIDO_TABLA2,,
442,NIVEL_4_SUBCONJUNTO_NOMBRE_DIFUSO,"Tokens de nombre contenidos ('Maritza Vasquez guzman: De manu' <-> 'Maritza Vasquez Guzman'), emails: tavorobledo1@gmail.com vs maritza.vasquezg@gmail.com",6055,,Maritza Vasquez guzman: De manu,+573000000664,tavorobledo1@gmail.com,0,1,8801,3175,Maritza Vasquez Guzman,+573009074333,maritza.vasquezg@gmail.com,VIP 195k,Medellín,39,SI_EMAIL_CORRIDO_TABLA2,,
443,NIVEL_4_SUBCONJUNTO_NOMBRE_DIFUSO,"Tokens de nombre contenidos ('Camila pulido' <-> 'Camila Pulido Moreno'), emails: mncrngpsd@yahoo.com vs Camilapulidom21@gmail.com",6264,,Camila pulido,+573000000873,mncrngpsd@yahoo.com,1,0,8714,2846,Camila Pulido Moreno,+573052995169,Camilapulidom21@gmail.com,Estándar 65k (2 citas),Bogotá,24,SI_EMAIL_CORRIDO_TABLA2,,
444,NIVEL_4_SUBCONJUNTO_NOMBRE_DIFUSO,"Tokens de nombre contenidos ('ALEJANDRO NARANJO' <-> 'Alejandro Naranjo Monsalve'), emails: vacío vs alenamo81@gmail.com",6488,,ALEJANDRO NARANJO,+573000001097,,0,1,8106,862,Alejandro Naranjo Monsalve,+573205375009,alenamo81@gmail.com,Estándar 65k (2 citas),Medellín,44,SI_EMAIL_CORRIDO_TABLA2,,
445,NIVEL_4_SUBCONJUNTO_NOMBRE_DIFUSO,"Tokens de nombre contenidos ('MAURICIO CAMACHO (VIP)' <-> 'Mauricio Camacho'), emails: pabloaea@hotmail.com vs maosanin28@gmail.com",6577,,MAURICIO CAMACHO (VIP),+573000001186,pabloaea@hotmail.com,0,1,12774,1607,Mauricio Camacho,+573192300375,maosanin28@gmail.com,Estándar 65k (2 citas),Bogotá,33,SI_EMAIL_CORRIDO_TABLA2,,
446,NIVEL_4_SUBCONJUNTO_NOMBRE_DIFUSO,"Tokens de nombre contenidos ('DIEGO VIVAS (VIP)' <-> 'Diego Vivas'), emails: vacío vs dvivasv@gmail.com",6838,,DIEGO VIVAS (VIP),+573000001447,,0,1,12985,2166,Diego Vivas,+573002345381,dvivasv@gmail.com,150k,Bogotá,42,SI_EMAIL_CORRIDO_TABLA2,,
447,NIVEL_4_SUBCONJUNTO_NOMBRE_DIFUSO,"Tokens de nombre contenidos ('Maria Belen Gomez' <-> 'Maria Belen Gomez Ezqueda'), emails: aleja21uribe@gmail.con vs maribeleng5@gmail.com",7279,,Maria Belen Gomez,+573000001888,aleja21uribe@gmail.con,0,1,8274,1566,Maria Belen Gomez Ezqueda,+573158383227,maribeleng5@gmail.com,Estándar 65k (2 citas),Bogotá,23,SI_EMAIL_CORRIDO_TABLA2,,
448,NIVEL_4_SUBCONJUNTO_NOMBRE_DIFUSO,"Tokens de nombre contenidos ('Mónica Andrea Cardenas' <-> 'Monica Andrea Cardenas Molina'), emails: angelarboleda992@hotmail.com vs monicard_83@hotmail.com",7317,,Mónica Andrea Cardenas,+573000001926,angelarboleda992@hotmail.com,0,5,8311,1688,Monica Andrea Cardenas Molina,+573223113996,monicard_83@hotmail.com,VIP 195k (5 citas),Bogotá,41,SI_EMAIL_CORRIDO_TABLA2,,
449,NIVEL_4_SUBCONJUNTO_NOMBRE_DIFUSO,"Tokens de nombre contenidos ('Andrés Felipe Gutiérrez Franco' <-> 'Andres Felipe'), emails: andresfilip.mass@gmail.com vs vacío",7881,274,Andrés Felipe Gutiérrez Franco,+573124231513,andresfilip.mass@gmail.com,0,0,9916,125,Andres Felipe,+13165766065,,Estándar 65k (2 citas),Bogotá,32,NO,,
450,NIVEL_4_SUBCONJUNTO_NOMBRE_DIFUSO,"Tokens de nombre contenidos ('María Angélica Santander Crescente' <-> 'Maria Angelica'), emails: santandercmaria@gmail.com vs MPAULA.CASTILLO99@GMAIL.COM",7900,308,María Angélica Santander Crescente,+573053330875,santandercmaria@gmail.com,0,0,9922,134,Maria Angelica,+13053330875,MPAULA.CASTILLO99@GMAIL.COM,40k,Bogotá,26,NO,,
451,NIVEL_4_SUBCONJUNTO_NOMBRE_DIFUSO,"Tokens de nombre contenidos ('Andrés Felipe De La Rosa Neira' <-> 'Andrés De La Rosa'), emails: pipedelarosa10@hotmail.com vs felipeneira10@gmail.com",7942,392,Andrés Felipe De La Rosa Neira,+573002491755,pipedelarosa10@hotmail.com,0,0,9353,263,Andrés De La Rosa,+57300000263,felipeneira10@gmail.com,Estándar 65k (2 citas),Bogotá,28,NO,,
452,NIVEL_4_SUBCONJUNTO_NOMBRE_DIFUSO,"Tokens de nombre contenidos ('Gian Carlo Sánchez Cardenas' <-> 'Gian Carlo'), emails: gsanchezcardenas@gmail.com vs vacío",7944,398,Gian Carlo Sánchez Cardenas,+573195971036,gsanchezcardenas@gmail.com,0,0,9938,151,Gian Carlo,+13195971036,,Estándar 65k (2 citas),Bogotá,28,NO,,
453,NIVEL_4_SUBCONJUNTO_NOMBRE_DIFUSO,"Tokens de nombre contenidos ('Linda Daniela Gallego' <-> 'Linda Gallego'), emails: lgallego2803@outlook.com vs danieladaja@hotmail.com",7954,455,Linda Daniela Gallego,+13184535529,lgallego2803@outlook.com,0,0,12316,458,Linda Gallego,+573184535529,danieladaja@hotmail.com,Estándar 65k (2 citas),Bogotá,30,NO,,
454,NIVEL_4_SUBCONJUNTO_NOMBRE_DIFUSO,"Tokens de nombre contenidos ('mariana rivera arenas' <-> 'Mariana Rivera'), emails: nanarivar@gmail.com vs vacío",7955,456,mariana rivera arenas,+573185148603,nanarivar@gmail.com,0,0,9999,224,Mariana Rivera,+57300000224,,Estándar 65k (2 citas),Medellín,20,NO,,
455,NIVEL_4_SUBCONJUNTO_NOMBRE_DIFUSO,"Tokens de nombre contenidos ('Mariana Rodriguez' <-> 'Mariana Pineda Rodriguez'), emails: cherrymotca@gmail.com vs mariana.pinedarod@gmail.com",8003,596,Mariana Rodriguez,+573209935451,cherrymotca@gmail.com,0,0,13144,2704,Mariana Pineda Rodriguez,+573176499994,mariana.pinedarod@gmail.com,Estándar 65k (2 citas),Bogotá,23,NO,,
456,NIVEL_4_SUBCONJUNTO_NOMBRE_DIFUSO,"Tokens de nombre contenidos ('Sara Sanchez' <-> 'Sara Cristina Niño Sánchez'), emails: saratatiana.sanchez02@gmail.com vs cristinani44@gmail.com",8009,603,Sara Sanchez,+573219323273,saratatiana.sanchez02@gmail.com,0,0,13669,4189,Sara Cristina Niño Sánchez,+573013367712,cristinani44@gmail.com,,Bogotá,37,NO,,
457,NIVEL_4_SUBCONJUNTO_NOMBRE_DIFUSO,"Tokens de nombre contenidos ('María Fernanda Pico' <-> 'Maria Fernanda'), emails: mafepico8989@gmail.com vs lizzarredondo2@gmail.com",8011,605,María Fernanda Pico,+573142541179,mafepico8989@gmail.com,0,0,7034,1643,Maria Fernanda,+573000001643,lizzarredondo2@gmail.com,VIP,Bogotá,36,NO,,
458,NIVEL_4_SUBCONJUNTO_NOMBRE_DIFUSO,"Tokens de nombre contenidos ('Laura Mejía Bernal' <-> 'Laura Mejia'), emails: mejiabernal.laura@gmail.com vs vacío",8019,636,Laura Mejía Bernal,+573183284402,mejiabernal.laura@gmail.com,0,0,15624,4865,Laura Mejia,+573000004865,,,,,NO,,
459,NIVEL_4_SUBCONJUNTO_NOMBRE_DIFUSO,"Tokens de nombre contenidos ('Laura Alejandra Londoño Garavito' <-> 'Laura Garavito'), emails: lau_londga@hotmail.com vs lauragaravito17@gmail.com",8028,645,Laura Alejandra Londoño Garavito,+573212120626,lau_londga@hotmail.com,0,0,13064,2356,Laura Garavito,+16464620518,lauragaravito17@gmail.com,150k,Miami,24,NO,,
460,NIVEL_4_SUBCONJUNTO_NOMBRE_DIFUSO,"Tokens de nombre contenidos ('Carolina Chaparro' <-> 'Carolina Triana Chaparro'), emails: carolina.chaparro177@gmail.com vs carolinatriana.1996@gmail.com",8034,652,Carolina Chaparro,+573232853893,carolina.chaparro177@gmail.com,0,0,8185,1143,Carolina Triana Chaparro,+573209448832,carolinatriana.1996@gmail.com,65k (2 dates),Bogotá,30,NO,,
461,NIVEL_4_SUBCONJUNTO_NOMBRE_DIFUSO,"Tokens de nombre contenidos ('Angie Martínez' <-> 'Angie Lorena Perez Martinez'), emails: lizeth1976@live.com vs angielorenap@icloud.com",8036,654,Angie Martínez,+573222306245,lizeth1976@live.com,0,0,8765,3044,Angie Lorena Perez Martinez,+573507942173,angielorenap@icloud.com,65k (1 date),Bogotá,29,NO,,
462,NIVEL_4_SUBCONJUNTO_NOMBRE_DIFUSO,"Tokens de nombre contenidos ('Camilo Rojas' <-> 'Camilo Andres Carrillo Rojas'), emails: andresroj@gmail.com vs camicarri1981@gmail.com",8079,765,Camilo Rojas,+573175750158,andresroj@gmail.com,0,0,7552,,Camilo Andres Carrillo Rojas,+573000002161,camicarri1981@gmail.com,VIP,Bogotá,45,NO,,
463,NIVEL_4_SUBCONJUNTO_NOMBRE_DIFUSO,"Tokens de nombre contenidos ('Ana María Castro' <-> 'Ana Maria'), emails: amariacastro04@gmail.com vs vacío",8100,844,Ana María Castro,+573202523279,amariacastro04@gmail.com,0,0,9979,197,Ana Maria,+13202523279,,Estándar 65k (2 citas),Bogotá,22,NO,,
464,NIVEL_4_SUBCONJUNTO_NOMBRE_DIFUSO,"Tokens de nombre contenidos ('Andrés Eduardo ORTIZ PARGA' <-> 'Andres Ortiz'), emails: contabilidadandresortiz@gmail.com vs andres.ortiz@finkargo.com",8282,1596,Andrés Eduardo ORTIZ PARGA,+5730000001385,contabilidadandresortiz@gmail.com,0,0,7839,1670,Andres Ortiz,+573183123679,andres.ortiz@finkargo.com,VIP 195k (5 citas),Bogotá,38,SI_EMAIL_CORRIDO_TABLA2,,
465,NIVEL_4_SUBCONJUNTO_NOMBRE_DIFUSO,"Tokens de nombre contenidos ('Diego Nicolas Rodriguez Serrano' <-> 'DIEGO RODRIGUEZ'), emails: dnicolasrs@gmail.com vs diegoandresrh14@gmail.com",8379,1909,Diego Nicolas Rodriguez Serrano,+573215000302,dnicolasrs@gmail.com,0,0,6645,,DIEGO RODRIGUEZ,+573000001254,diegoandresrh14@gmail.com,65k (2 dates),Medellín,25,NO,,
466,NIVEL_4_SUBCONJUNTO_NOMBRE_DIFUSO,"Tokens de nombre contenidos ('Carlos Rojas' <-> 'Carlos Roberto Solorzano Rojas'), emails: carlos@alcaldia724.com vs car-s-x@hotmail.com",8458,2188,Carlos Rojas,+573144118365,carlos@alcaldia724.com,0,0,13589,4110,Carlos Roberto Solorzano Rojas,+573142194711,car-s-x@hotmail.com,195k,Bogotá,33,NO,,
467,NIVEL_4_SUBCONJUNTO_NOMBRE_DIFUSO,"Tokens de nombre contenidos ('Andres Felipe Burbano Delgado' <-> 'Andres Felipe'), emails: andresdel15@gmail.com vs vacío",8488,2327,Andres Felipe Burbano Delgado,+573104394045,andresdel15@gmail.com,0,0,9916,125,Andres Felipe,+13165766065,,Estándar 65k (2 citas),Bogotá,32,NO,,
468,NIVEL_4_SUBCONJUNTO_NOMBRE_DIFUSO,"Tokens de nombre contenidos ('juan miguel' <-> 'Juan Miguel Caro Torres'), emails: dear.prudence98@gmail.com vs juanmiguelcaro77@gmail.com",8493,2350,juan miguel,+13183981042,dear.prudence98@gmail.com,0,0,8548,2508,Juan Miguel Caro Torres,+573153106143,juanmiguelcaro77@gmail.com,Estándar 65k (2 citas),Bogotá,49,NO,,
469,NIVEL_4_SUBCONJUNTO_NOMBRE_DIFUSO,"Tokens de nombre contenidos ('Ana Maria Hernandez Hernandez' <-> 'Ana Maria'), emails: vacío vs vacío",8597,2602,Ana Maria Hernandez Hernandez,+573138123207,,0,0,9979,197,Ana Maria,+13202523279,,Estándar 65k (2 citas),Bogotá,22,NO,,
470,NIVEL_4_SUBCONJUNTO_NOMBRE_DIFUSO,"Tokens de nombre contenidos ('PAOLA PEREZ' <-> 'Paola Urquijo Perez'), emails: vacío vs pao.perezu92@hotmail.com",8632,2660,PAOLA PEREZ,+573212027771,,0,0,13184,2784,Paola Urquijo Perez,+573002645341,pao.perezu92@hotmail.com,VIP 195k,Bogotá,33,NO,,
471,NIVEL_4_SUBCONJUNTO_NOMBRE_DIFUSO,"Tokens de nombre contenidos ('Daniela Ocampo' <-> 'Daniela Ocampo palacios'), emails: vacío vs karenlorena0930@hotmail.com",8634,2663,Daniela Ocampo,+573015340267,,0,0,6222,1333,Daniela Ocampo palacios,+573000000831,karenlorena0930@hotmail.com,65k (2 dates),Bogotá,30,NO,,
472,NIVEL_4_SUBCONJUNTO_NOMBRE_DIFUSO,"Tokens de nombre contenidos ('Juan David Escobar Ramírez' <-> 'Juan David Ramírez'), emails: vacío vs juandara_06@hotmail.com",8635,2664,Juan David Escobar Ramírez,+573003073728,,1,0,9716,4075,Juan David Ramírez,+573112878756,juandara_06@hotmail.com,Estándar 65k (2 citas),Bogotá,28,NO,,
473,NIVEL_4_SUBCONJUNTO_NOMBRE_DIFUSO,"Tokens de nombre contenidos ('Juliana Gomez' <-> 'Juliana Ospina Gomez'), emails: vacío vs july.osp@hotmail.com",8647,2677,Juliana Gomez,+573105637597,,0,0,13325,3030,Juliana Ospina Gomez,+573134475314,july.osp@hotmail.com,Estándar 65k (2 citas),Bogotá,32,NO,,
474,NIVEL_4_SUBCONJUNTO_NOMBRE_DIFUSO,"Tokens de nombre contenidos ('Piedad Hurtado' <-> 'Piedad elena Hurtado gomez'), emails: piedad.hurtado@icbf.gov.co vs pi41667@gmail.com",8726,2881,Piedad Hurtado,+573107577192,piedad.hurtado@icbf.gov.co,0,0,8497,2365,Piedad elena Hurtado gomez,+13107577192,pi41667@gmail.com,150k,Medellín,59,NO,,
475,NIVEL_4_SUBCONJUNTO_NOMBRE_DIFUSO,"Tokens de nombre contenidos ('Carlos David Raigoso Rojas' <-> 'Carlos Raigoso'), emails: vacío vs crojas799@gmail.com",8817,3252,Carlos David Raigoso Rojas,+573000003252,,0,0,8816,3247,Carlos Raigoso,+573138233127,crojas799@gmail.com,VIP 195k,Bogotá,27,SI_EMAIL_CORRIDO_TABLA2,,
476,NIVEL_4_SUBCONJUNTO_NOMBRE_DIFUSO,"Tokens de nombre contenidos ('Carlos David Raigoso Rojas' <-> 'Carlos Raigoso'), emails: vacío vs crojas799@gmail.com",8818,3253,Carlos David Raigoso Rojas,+573000003253,,0,0,8816,3247,Carlos Raigoso,+573138233127,crojas799@gmail.com,VIP 195k,Bogotá,27,SI_EMAIL_CORRIDO_TABLA2,,
477,NIVEL_4_SUBCONJUNTO_NOMBRE_DIFUSO,"Tokens de nombre contenidos ('Maria Alejandra Bejarano' <-> 'Maria Alejandra'), emails: ale_b_50@hotmail.com vs vacío",8889,3410,Maria Alejandra Bejarano,+573108841805,ale_b_50@hotmail.com,0,0,9987,209,Maria Alejandra,321264905,,Estándar 65k (2 citas),Bogotá,27,NO,,
478,NIVEL_4_SUBCONJUNTO_NOMBRE_DIFUSO,"Tokens de nombre contenidos ('Juan Gutierrez' <-> 'Juan Camilo Gutierrez Alfonso'), emails: junchosebasgu@gmail.com vs jgutier21249@universidadean.edu.co",9083,3732,Juan Gutierrez,+573507129820,junchosebasgu@gmail.com,0,0,9154,3809,Juan Camilo Gutierrez Alfonso,+573138768172,jgutier21249@universidadean.edu.co,Estándar 65k (2 citas),Bogotá,21,NO,,
479,NIVEL_4_SUBCONJUNTO_NOMBRE_DIFUSO,"Tokens de nombre contenidos ('Judith Mejia' <-> 'Judith Mejia Arango'), emails: judithmejiaa@hotmail.com vs yudymarar@gmail.com",9148,3803,Judith Mejia,+13125689369,judithmejiaa@hotmail.com,0,0,5951,,Judith Mejia Arango,+573000000560,yudymarar@gmail.com,Estándar 65k (2 citas),Bogotá,57,NO,,
480,NIVEL_4_SUBCONJUNTO_NOMBRE_DIFUSO,"Tokens de nombre contenidos ('Sebastian Gonzalez' <-> 'Sebastian Luna Gonzalez'), emails: christoph.westphal253@altmail.kr vs jlunag@javeriana.edu.co",9562,3692,Sebastian Gonzalez,+573118313547,christoph.westphal253@altmail.kr,0,0,8060,705,Sebastian Luna Gonzalez,+573218963502,jlunag@javeriana.edu.co,Estándar 65k (2 citas),Bogotá,29,NO,,
481,NIVEL_4_SUBCONJUNTO_NOMBRE_DIFUSO,"Tokens de nombre contenidos ('Luisa Torres' <-> 'Luisa Fernanda Torres'), emails: vacío vs lftp04@gmail.com",9983,202,Luisa Torres,+57300000202,,0,0,13745,4268,Luisa Fernanda Torres,+573165321565,lftp04@gmail.com,,Bogotá,27,SI_EMAIL_CORRIDO_TABLA2,,
482,NIVEL_4_SUBCONJUNTO_NOMBRE_DIFUSO,"Tokens de nombre contenidos ('Santiago Herrera' <-> 'Santiago Herrera Prieto'), emails: hsanti890@gmail.com vs herrera.santiago830@gmail.com",12447,874,Santiago Herrera,+573162437953,hsanti890@gmail.com,0,0,12515,1054,Santiago Herrera Prieto,+573175042411,herrera.santiago830@gmail.com,Estándar 65k (2 citas),Bogotá,25,SI_EMAIL_CORRIDO_TABLA2,,
483,NIVEL_4_SUBCONJUNTO_NOMBRE_DIFUSO,"Tokens de nombre contenidos ('Paola Andrea Ramirez Ramirez' <-> 'Paola ramirez ramirez'), emails: paolita256@gmail.com vs paolita_256@hotmail.com",14396,3104,Paola Andrea Ramirez Ramirez,GEN_9568a6337064,paolita256@gmail.com,1,0,9031,3672,Paola ramirez ramirez,+573142963767,paolita_256@hotmail.com,Estándar 65k (2 citas),Bogotá,37,NO,,
484,NIVEL_4_SUBCONJUNTO_NOMBRE_DIFUSO,"Tokens de nombre contenidos ('Maria Paula Rodríguez' <-> 'maria paula Rodriguez Sepulveda'), emails: srpm1999@gmail.com vs MPRS1999@hotmail.com",14705,1656,Maria Paula Rodríguez,GEN_1f4d86e4ef06,srpm1999@gmail.com,0,0,9474,1804,maria paula Rodriguez Sepulveda,+573223734378,MPRS1999@hotmail.com,Estándar 65k (2 citas),Bogotá,26,NO,,
485,NIVEL_4_SUBCONJUNTO_NOMBRE_DIFUSO,"Tokens de nombre contenidos ('Ana  Nuñez Pardo' <-> 'Ana Maria Nuñez Pardo'), emails: anamaria9908@gmail.com vs am.nunez9908@gmail.com",14714,2105,Ana  Nuñez Pardo,GEN_453c77d60c66,anamaria9908@gmail.com,0,0,9519,2511,Ana Maria Nuñez Pardo,+573024001997,am.nunez9908@gmail.com,Estándar 65k (2 citas),Bucaramanga,27,NO,,
486,NIVEL_4_SUBCONJUNTO_NOMBRE_DIFUSO,"Tokens de nombre contenidos ('Oscar Garzon' <-> 'Oscar Garzon Moreno'), emails: oscargarzonm144@gmail.com vs oscargarzonm@gmail.com",14728,1615,Oscar Garzon,GEN_82da374ce1a3,oscargarzonm144@gmail.com,0,0,9470,1618,Oscar Garzon Moreno,+573013329179,oscargarzonm@gmail.com,Estándar 65k (2 citas),Bogotá,40,NO,,
487,NIVEL_4_SUBCONJUNTO_NOMBRE_DIFUSO,"Tokens de nombre contenidos ('Julián Moreno Pintor' <-> 'Julian Moreno'), emails: julianmp3422@gmail.com vs pao.amaya8@gmail.com",14745,2082,Julián Moreno Pintor,GEN_36a1786a6aa6,julianmp3422@gmail.com,0,0,5972,,Julian Moreno,+573000000581,pao.amaya8@gmail.com,Estándar 65k (2 citas),Bogotá,25,NO,,
488,NIVEL_4_SUBCONJUNTO_NOMBRE_DIFUSO,"Tokens de nombre contenidos ('luis fernando' <-> 'LUIS FERNANDO MELO'), emails: luisfernandoc@hotmail.com vs mariomendieta@gmail.com",14774,1660,luis fernando,GEN_da63dd2c912d,luisfernandoc@hotmail.com,0,0,6776,,LUIS FERNANDO MELO,+573000001385,mariomendieta@gmail.com,Estándar 65k (2 citas),Bogotá,28,NO,,
489,NIVEL_4_SUBCONJUNTO_NOMBRE_DIFUSO,"Tokens de nombre contenidos ('Natalia Isabel Soto Gomez' <-> 'Natalia Gomez'), emails: napalia@gamil.com vs nataliagomezj@hotmail.com",15025,2733,Natalia Isabel Soto Gomez,GEN_b90c2451464e,napalia@gamil.com,0,0,12540,1095,Natalia Gomez,+573003928169,nataliagomezj@hotmail.com,40k,Medellín,43,NO,,
490,NIVEL_4_SUBCONJUNTO_NOMBRE_DIFUSO,"Tokens de nombre contenidos ('Maria Castañeda' <-> 'María Paula Castañeda'), emails: cloudboutique.cast@gmail.com vs juan.estebanmondragon@hotmail.com",15182,617,Maria Castañeda,GEN_4f2fb90e35c7,cloudboutique.cast@gmail.com,0,0,5333,,María Paula Castañeda,+31449099649,juan.estebanmondragon@hotmail.com,Estándar 65k (2 citas),Medellín,23,NO,,
491,NIVEL_4_SUBCONJUNTO_NOMBRE_DIFUSO,"Tokens de nombre contenidos ('Jenny Cordero' <-> 'Jenny Carolina Cordero Castellanos'), emails: jenny2013cordero@gmail.com vs jennycarolina_08@hotmail.com",15252,1380,Jenny Cordero,GEN_e3bfef66aa3d,jenny2013cordero@gmail.com,0,0,8247,1448,Jenny Carolina Cordero Castellanos,+573114570442,jennycarolina_08@hotmail.com,Estándar 65k (2 citas),Bucaramanga,41,NO,,
492,NIVEL_4_SUBCONJUNTO_NOMBRE_DIFUSO,"Tokens de nombre contenidos ('cristian poveda lopez' <-> 'Cristian Poveda'), emails: cpoveda.catastrozipa@gmail.com vs ferrarius01@gmail.com",15349,1132,cristian poveda lopez,GEN_9be27a7bd576,cpoveda.catastrozipa@gmail.com,0,0,8184,1133,Cristian Poveda,+573142985197,ferrarius01@gmail.com,Estándar 65k (2 citas),Bogotá,32,NO,,
493,NIVEL_4_SUBCONJUNTO_NOMBRE_DIFUSO,"Tokens de nombre contenidos ('Mariana González R' <-> 'Mariana Gonzalez Ruiz'), emails: marianagr0025@gmail.com vs marianagonzalez485@gmail.com",15431,759,Mariana González R,GEN_61fb2da700db,marianagr0025@gmail.com,0,0,9391,761,Mariana Gonzalez Ruiz,+573160513262,marianagonzalez485@gmail.com,Estándar 65k (2 citas),Medellín,23,NO,,
